time,Downwelling Shortwave Irradiance (W m-2)
2017-08-21 00:00:03.796999680,518.2
2017-08-21 00:01:08.644000256,482.0
2017-08-21 00:02:12.951000064,473.8
2017-08-21 00:03:17.189000192,466.5
2017-08-21 00:04:22.203999744,486.7
2017-08-21 00:04:55.728999936,514.2
2017-08-21 00:06:00.555999744,484.5
2017-08-21 00:07:06.320999936,437.1
2017-08-21 00:08:11.378000384,399.6
2017-08-21 00:09:15.736999936,376.5
2017-08-21 00:10:19.973000192,508.1
2017-08-21 00:10:54.904999936,468.2
2017-08-21 00:11:58.480999936,449.7
2017-08-21 00:13:02.878999552,451.3
2017-08-21 00:14:07.504999936,459.1
2017-08-21 00:15:11.814000128,484.7
2017-08-21 00:16:16.600000000,477.0
2017-08-21 00:17:21.105999872,487.8
2017-08-21 00:17:54.892999680,451.4
2017-08-21 00:18:59.126000128,450.5
2017-08-21 00:20:03.453000192,477.3
2017-08-21 00:21:07.770999808,461.6
2017-08-21 00:22:14.203999744,452.7
2017-08-21 00:23:18.845000192,438.0
2017-08-21 00:24:23.151000064,360.4
2017-08-21 00:24:56.031000064,377.3
2017-08-21 00:26:00.500999680,383.8
2017-08-21 00:27:05.126000128,345.3
2017-08-21 00:28:09.845000192,377.8
2017-08-21 00:29:14.451000320,466.2
2017-08-21 00:30:18.939000320,358.5
2017-08-21 00:31:23.244999680,348.1
2017-08-21 00:31:55.639000064,402.4
2017-08-21 00:32:59.953999872,451.0
2017-08-21 00:34:04.673000448,424.2
2017-08-21 00:35:08.909999616,418.8
2017-08-21 00:36:13.400000000,430.4
2017-08-21 00:37:17.848999936,450.9
2017-08-21 00:38:22.279999488,436.6
2017-08-21 00:38:54.885000192,389.6
2017-08-21 00:39:59.569999872,383.9
2017-08-21 00:41:03.808999936,434.2
2017-08-21 00:42:08.550000128,397.0
2017-08-21 00:43:13.130999808,378.5
2017-08-21 00:44:18.288000000,367.1
2017-08-21 00:45:22.525000192,358.9
2017-08-21 00:45:54.896000000,405.7
2017-08-21 00:46:59.135000064,382.0
2017-08-21 00:48:04.558000128,374.0
2017-08-21 00:49:09.213000192,384.3
2017-08-21 00:50:13.504999936,390.2
2017-08-21 00:51:17.734000128,361.4
2017-08-21 00:52:22.029999616,384.6
2017-08-21 00:52:54.871000064,374.8
2017-08-21 00:54:00.440000000,359.4
2017-08-21 00:55:04.677000192,373.0
2017-08-21 00:56:09.007000064,368.3
2017-08-21 00:57:13.351000064,354.3
2017-08-21 00:58:17.808999936,347.9
2017-08-21 00:59:22.270000128,352.7
2017-08-21 00:59:54.868000256,332.4
2017-08-21 01:00:59.394999808,334.4
2017-08-21 01:02:03.652999680,321.1
2017-08-21 01:03:07.916999680,323.1
2017-08-21 01:04:12.508999680,331.4
2017-08-21 01:05:16.736000000,338.0
2017-08-21 01:06:21.270000128,302.0
2017-08-21 01:06:54.862000128,306.6
2017-08-21 01:07:59.460000256,302.3
2017-08-21 01:09:03.808000000,308.4
2017-08-21 01:10:09.392999424,305.3
2017-08-21 01:11:13.650999808,304.9
2017-08-21 01:12:17.878999552,293.9
2017-08-21 01:13:22.546999808,295.7
2017-08-21 01:13:54.854000128,298.0
2017-08-21 01:14:59.553999872,281.4
2017-08-21 01:16:03.812999680,285.2
2017-08-21 01:17:08.097999872,303.0
2017-08-21 01:18:12.455000064,265.7
2017-08-21 01:19:16.687000064,293.8
2017-08-21 01:20:21.484000256,270.9
2017-08-21 01:20:54.852000256,258.1
2017-08-21 01:21:59.265999872,267.2
2017-08-21 01:23:03.816999936,269.1
2017-08-21 01:24:08.053000192,265.1
2017-08-21 01:25:12.540999680,254.4
2017-08-21 01:26:16.826000384,240.7
2017-08-21 01:27:21.414000128,256.9
2017-08-21 01:27:54.849999872,246.7
2017-08-21 01:28:59.414000128,243.1
2017-08-21 01:30:04.569000448,232.4
2017-08-21 01:31:10.348000256,234.1
2017-08-21 01:32:14.696000000,232.3
2017-08-21 01:33:18.921999872,220.3
2017-08-21 01:34:23.217999872,223.9
2017-08-21 01:34:57.052000256,223.1
2017-08-21 01:36:01.288999936,215.0
2017-08-21 01:37:05.566000128,198.9
2017-08-21 01:38:09.803999744,198.3
2017-08-21 01:39:14.619999744,228.3
2017-08-21 01:40:18.914999808,205.5
2017-08-21 01:41:23.203000320,205.0
2017-08-21 01:41:55.326999552,202.6
2017-08-21 01:42:59.564000256,179.9
2017-08-21 01:44:03.792000000,192.0
2017-08-21 01:45:08.096999936,200.4
2017-08-21 01:46:12.424999936,186.9
2017-08-21 01:47:17.451000320,205.2
2017-08-21 01:48:21.741000192,180.8
2017-08-21 01:48:54.832000000,170.5
2017-08-21 01:49:59.069000192,172.6
2017-08-21 01:51:03.343000064,175.4
2017-08-21 01:52:07.637000192,170.3
2017-08-21 01:53:12.328000000,168.3
2017-08-21 01:54:16.555999744,156.6
2017-08-21 01:55:20.808999936,171.8
2017-08-21 01:56:23.772000256,163.5
2017-08-21 01:56:56.251999744,153.6
2017-08-21 01:58:00.504999936,171.7
2017-08-21 01:59:04.739000320,150.7
2017-08-21 02:00:09.354999808,143.2
2017-08-21 02:01:13.581999616,153.8
2017-08-21 02:02:18.779000320,137.6
2017-08-21 02:03:23.366000128,144.3
2017-08-21 02:03:55.489000448,132.8
2017-08-21 02:04:59.737999872,124.8
2017-08-21 02:06:04.312999936,128.7
2017-08-21 02:07:08.550000128,133.0
2017-08-21 02:08:12.779000320,132.4
2017-08-21 02:09:17.014000128,130.2
2017-08-21 02:10:22.008000000,129.9
2017-08-21 02:10:54.821000192,123.2
2017-08-21 02:11:59.531000320,124.0
2017-08-21 02:13:06.017000448,124.9
2017-08-21 02:14:10.314999808,109.5
2017-08-21 02:15:14.721999872,121.5
2017-08-21 02:16:18.713000448,113.6
2017-08-21 02:17:23.064999936,111.5
2017-08-21 02:17:55.208999936,112.5
2017-08-21 02:18:59.435999744,96.7
2017-08-21 02:20:04.201999872,95.5
2017-08-21 02:21:08.529000448,97.4
2017-08-21 02:22:12.758000128,89.3
2017-08-21 02:23:17.231000064,88.7
2017-08-21 02:24:21.701999616,82.8
2017-08-21 02:24:55.838999552,71.7
2017-08-21 02:26:00.329999872,75.8
2017-08-21 02:27:05.376999936,87.7
2017-08-21 02:28:09.805000192,77.2
2017-08-21 02:29:14.819000320,77.6
2017-08-21 02:30:19.088000512,68.7
2017-08-21 02:31:23.364999680,73.3
2017-08-21 02:31:55.488000000,68.2
2017-08-21 02:33:00.100999680,60.4
2017-08-21 02:34:04.943000064,55.3
2017-08-21 02:35:09.477999616,54.1
2017-08-21 02:36:13.965000192,48.2
2017-08-21 02:37:18.522999808,46.5
2017-08-21 02:38:22.800999936,52.9
2017-08-21 02:38:54.923999744,56.7
2017-08-21 02:39:59.510000128,54.8
2017-08-21 02:41:03.748000256,53.0
2017-08-21 02:42:08.003999744,47.4
2017-08-21 02:43:12.631000064,46.4
2017-08-21 02:44:17.368000000,50.1
2017-08-21 02:44:55.621000192,46.1
2017-08-21 02:45:55.857999872,43.1
2017-08-21 02:47:00.484000256,43.8
2017-08-21 02:48:07.551000064,37.7
2017-08-21 02:49:11.802999808,41.3
2017-08-21 02:50:16.495000064,35.7
2017-08-21 02:51:20.743000064,38.7
2017-08-21 02:51:54.790000128,34.6
2017-08-21 02:52:59.022000128,35.5
2017-08-21 02:54:03.519000064,29.7
2017-08-21 02:55:07.757000192,33.2
2017-08-21 02:56:12.072999936,30.6
2017-08-21 02:57:17.227999744,28.3
2017-08-21 02:58:22.265999872,27.6
2017-08-21 02:58:54.786000384,24.4
2017-08-21 02:59:59.477000192,22.3
2017-08-21 03:01:03.710000128,22.0
2017-08-21 03:02:07.982999552,20.4
2017-08-21 03:03:12.668000256,17.3
2017-08-21 03:04:16.925000192,16.3
2017-08-21 03:05:21.430999552,14.9
2017-08-21 03:05:54.779000320,14.0
2017-08-21 03:06:59.472000000,16.5
2017-08-21 03:08:04.269000192,14.0
2017-08-21 03:09:08.654999552,11.9
2017-08-21 03:10:13.093999616,9.5
2017-08-21 03:11:17.378999808,8.9
2017-08-21 03:12:21.625999872,8.6
2017-08-21 03:12:54.772000256,7.9
2017-08-21 03:13:59.496000512,7.5
2017-08-21 03:15:03.734000128,7.1
2017-08-21 03:16:08.107000320,6.7
2017-08-21 03:17:13.307000320,6.4
2017-08-21 03:18:17.564000256,6.0
2017-08-21 03:18:54.769999872,5.6
2017-08-21 03:19:55.003999744,5.2
2017-08-21 03:20:59.484000256,5.0
2017-08-21 03:22:04.135000064,4.8
2017-08-21 03:23:08.495000064,4.6
2017-08-21 03:24:12.722999808,4.3
2017-08-21 03:25:17.648999936,4.2
2017-08-21 03:26:21.916999680,4.0
2017-08-21 03:26:54.765999616,3.7
2017-08-21 03:27:59.076000256,3.6
2017-08-21 03:29:02.864999936,3.5
2017-08-21 03:30:07.260000256,3.4
2017-08-21 03:31:11.607000576,3.2
2017-08-21 03:32:15.852000256,3.1
2017-08-21 03:33:20.320999936,2.9
2017-08-21 03:33:54.765000192,2.8
2017-08-21 03:34:59.359999488,2.8
2017-08-21 03:36:03.632999936,2.6
2017-08-21 03:37:07.904999936,2.6
2017-08-21 03:38:13.382000128,2.5
2017-08-21 03:39:17.939000320,2.4
2017-08-21 03:40:22.584999936,2.5
2017-08-21 03:40:54.752000000,2.3
2017-08-21 03:41:59.385000448,2.4
2017-08-21 03:43:03.611999744,2.3
2017-08-21 03:44:08.276000256,2.2
2017-08-21 03:45:12.656000000,2.3
2017-08-21 03:46:16.895000064,2.3
2017-08-21 03:47:21.138999808,2.3
2017-08-21 03:47:54.751000064,2.2
2017-08-21 03:48:58.991000064,2.3
2017-08-21 03:50:04.407000064,2.3
2017-08-21 03:51:08.644000256,2.3
2017-08-21 03:52:12.890999808,2.2
2017-08-21 03:53:17.687999488,2.2
2017-08-21 03:54:21.930999808,2.2
2017-08-21 03:54:56.204999680,2.3
2017-08-21 03:55:56.444999680,2.2
2017-08-21 03:57:00.679000064,2.2
2017-08-21 03:58:05.590000128,2.2
2017-08-21 03:59:10.816999936,2.2
2017-08-21 04:00:16.453000192,2.2
2017-08-21 04:01:20.711000064,2.2
2017-08-21 04:01:54.739000320,2.2
2017-08-21 04:02:55.567000064,2.2
2017-08-21 04:04:00.096999936,2.3
2017-08-21 04:05:04.334000128,2.3
2017-08-21 04:06:08.682000384,2.3
2017-08-21 04:07:12.920000000,2.3
2017-08-21 04:08:17.191000064,2.3
2017-08-21 04:09:21.743000064,2.3
2017-08-21 04:09:54.727999488,2.3
2017-08-21 04:11:00.083000320,2.3
2017-08-21 04:12:04.418999808,2.3
2017-08-21 04:13:08.696999936,2.4
2017-08-21 04:14:13.493000192,2.4
2017-08-21 04:15:17.730999808,2.3
2017-08-21 04:16:21.960000000,2.4
2017-08-21 04:16:54.727999488,2.4
2017-08-21 04:17:58.960000000,2.5
2017-08-21 04:19:03.862000128,2.5
2017-08-21 04:20:08.100999680,2.5
2017-08-21 04:21:11.348000256,2.5
2017-08-21 04:22:15.654999552,2.5
2017-08-21 04:23:19.882999808,2.6
2017-08-21 04:23:54.724999680,2.6
2017-08-21 04:24:55.755000320,2.7
2017-08-21 04:26:00.439000064,2.6
2017-08-21 04:27:04.694999552,2.6
2017-08-21 04:28:09.253000192,2.7
2017-08-21 04:29:13.489999872,2.6
2017-08-21 04:30:18.263000064,2.7
2017-08-21 04:31:23.353999872,2.7
2017-08-21 04:31:55.466999808,2.7
2017-08-21 04:33:00.051000320,2.7
2017-08-21 04:34:04.942000128,2.7
2017-08-21 04:35:07.448000000,2.9
2017-08-21 04:36:11.685999616,3.0
2017-08-21 04:37:15.952999936,2.9
2017-08-21 04:38:20.191000064,3.0
2017-08-21 04:38:54.710000128,3.1
2017-08-21 04:39:55.560000000,3.1
2017-08-21 04:41:00.727999488,3.1
2017-08-21 04:42:05.175000064,3.1
2017-08-21 04:43:09.411000320,3.1
2017-08-21 04:44:13.648999936,3.1
2017-08-21 04:45:17.976000000,3.1
2017-08-21 04:46:22.371999744,3.1
2017-08-21 04:46:54.706000384,3.0
2017-08-21 04:47:58.933000192,2.9
2017-08-21 04:49:03.248999936,2.9
2017-08-21 04:50:07.475999744,2.9
2017-08-21 04:51:12.720000512,2.9
2017-08-21 04:52:16.270000128,2.8
2017-08-21 04:53:20.496999936,2.8
2017-08-21 04:53:54.704000000,2.8
2017-08-21 04:54:59.364000256,2.8
2017-08-21 04:56:03.604000256,2.9
2017-08-21 04:57:07.832000000,2.9
2017-08-21 04:58:12.187999744,2.9
2017-08-21 04:59:16.508999680,2.9
2017-08-21 05:00:20.732999680,2.9
2017-08-21 05:00:54.694999552,2.9
2017-08-21 05:02:00.852000256,2.9
2017-08-21 05:03:04.279999488,3.0
2017-08-21 05:04:09.595999744,2.9
2017-08-21 05:05:14.512000000,3.0
2017-08-21 05:06:19.399000064,2.9
2017-08-21 05:06:54.685999616,3.1
2017-08-21 05:07:55.387000320,3.1
2017-08-21 05:08:59.897000448,3.1
2017-08-21 05:10:04.124000256,3.2
2017-08-21 05:11:08.449999872,3.1
2017-08-21 05:12:13.616999936,3.2
2017-08-21 05:13:18.104000000,3.2
2017-08-21 05:14:22.543000064,3.2
2017-08-21 05:14:55.826999808,3.1
2017-08-21 05:16:00.250999808,3.1
2017-08-21 05:17:04.562000384,3.1
2017-08-21 05:18:08.786000384,3.0
2017-08-21 05:19:13.022000128,3.1
2017-08-21 05:20:17.698999808,3.1
2017-08-21 05:21:21.947999744,3.1
2017-08-21 05:21:54.684000256,3.0
2017-08-21 05:22:59.025999872,2.9
2017-08-21 05:24:04.802999808,2.8
2017-08-21 05:25:09.359000064,2.7
2017-08-21 05:26:13.687999488,2.6
2017-08-21 05:27:17.953999872,2.5
2017-08-21 05:28:22.200000000,2.5
2017-08-21 05:28:54.683000320,2.7
2017-08-21 05:29:59.060999680,2.8
2017-08-21 05:31:03.298000384,2.8
2017-08-21 05:32:07.525000192,2.7
2017-08-21 05:33:11.762999808,2.8
2017-08-21 05:34:16.128000512,2.7
2017-08-21 05:35:20.474999808,2.8
2017-08-21 05:35:54.679000064,2.7
2017-08-21 05:36:59.104999936,2.7
2017-08-21 05:38:03.522000384,2.7
2017-08-21 05:39:07.779999744,2.6
2017-08-21 05:40:12.376000000,2.6
2017-08-21 05:41:16.614000128,2.7
2017-08-21 05:42:21.380000256,2.7
2017-08-21 05:42:54.666999808,2.8
2017-08-21 05:44:00.540999680,2.8
2017-08-21 05:45:04.777999872,2.8
2017-08-21 05:46:09.344000000,2.9
2017-08-21 05:47:13.595999744,3.0
2017-08-21 05:48:17.840000000,3.0
2017-08-21 05:49:23.154999808,3.0
2017-08-21 05:49:55.418000384,2.9
2017-08-21 05:50:59.645000192,2.9
2017-08-21 05:52:04.119000064,3.0
2017-08-21 05:53:08.482999808,2.9
2017-08-21 05:54:12.717000192,2.9
2017-08-21 05:55:18.592999936,2.9
2017-08-21 05:56:22.819999744,3.0
2017-08-21 05:56:54.946999808,2.9
2017-08-21 05:57:59.539999744,2.9
2017-08-21 05:59:04.267000320,2.9
2017-08-21 06:00:08.574000128,2.9
2017-08-21 06:01:12.812000256,3.0
2017-08-21 06:02:17.376000000,3.0
2017-08-21 06:03:21.727000064,2.9
2017-08-21 06:03:54.652999680,2.9
2017-08-21 06:05:00.581000192,3.0
2017-08-21 06:06:06.621000192,3.0
2017-08-21 06:07:10.848999936,2.9
2017-08-21 06:08:15.144999936,2.8
2017-08-21 06:09:19.793000448,2.9
2017-08-21 06:09:54.642999808,2.9
2017-08-21 06:10:54.874999808,3.0
2017-08-21 06:11:59.109999616,3.0
2017-08-21 06:13:03.696000000,2.9
2017-08-21 06:14:07.963000320,3.0
2017-08-21 06:15:12.359999488,3.1
2017-08-21 06:16:17.577999872,3.1
2017-08-21 06:17:21.805000192,3.1
2017-08-21 06:17:54.644000256,3.1
2017-08-21 06:18:59.374000128,3.1
2017-08-21 06:20:03.961999872,3.1
2017-08-21 06:21:09.017999872,3.1
2017-08-21 06:22:13.512000000,3.1
2017-08-21 06:23:17.912999936,3.1
2017-08-21 06:24:22.138999808,3.0
2017-08-21 06:24:55.672000000,2.9
2017-08-21 06:26:00.428999680,2.9
2017-08-21 06:27:10.500999680,2.8
2017-08-21 06:28:17.761999872,2.6
2017-08-21 06:29:22.515000320,2.5
2017-08-21 06:29:54.671000064,2.3
2017-08-21 06:30:59.048000512,2.2
2017-08-21 06:32:03.455000064,2.2
2017-08-21 06:33:08.262000128,2.2
2017-08-21 06:34:15.076000256,2.3
2017-08-21 06:35:20.624999936,2.2
2017-08-21 06:35:54.633999872,2.1
2017-08-21 06:37:00.488000000,2.1
2017-08-21 06:38:04.732999680,2.2
2017-08-21 06:39:09.668000256,2.1
2017-08-21 06:40:13.970000384,2.1
2017-08-21 06:41:18.401999872,2.0
2017-08-21 06:42:22.630000128,2.1
2017-08-21 06:42:55.210999808,2.2
2017-08-21 06:43:59.470000128,2.2
2017-08-21 06:45:03.718000128,2.1
2017-08-21 06:46:08.654000128,2.2
2017-08-21 06:47:14.289999872,2.1
2017-08-21 06:48:19.107000320,2.2
2017-08-21 06:49:23.359999488,2.2
2017-08-21 06:49:55.488000000,2.1
2017-08-21 06:50:59.874999808,2.2
2017-08-21 06:52:04.280999936,2.3
2017-08-21 06:53:08.939000320,2.2
2017-08-21 06:54:13.165000192,2.1
2017-08-21 06:55:17.661999616,2.2
2017-08-21 06:56:21.908999680,2.2
2017-08-21 06:56:54.639000064,2.2
2017-08-21 06:57:57.279999488,2.3
2017-08-21 06:59:03.456999936,2.2
2017-08-21 07:00:08.232999936,2.2
2017-08-21 07:01:12.539999744,2.3
2017-08-21 07:02:16.888000000,2.2
2017-08-21 07:03:21.114000384,2.2
2017-08-21 07:03:54.609000448,2.2
2017-08-21 07:04:59.326000128,2.1
2017-08-21 07:06:03.963000320,2.2
2017-08-21 07:07:08.338000384,2.1
2017-08-21 07:08:12.966000128,2.2
2017-08-21 07:09:17.541999616,2.3
2017-08-21 07:10:21.980000256,2.2
2017-08-21 07:10:54.609999872,2.3
2017-08-21 07:11:58.947999744,2.2
2017-08-21 07:13:03.246000128,2.2
2017-08-21 07:14:07.493000192,2.3
2017-08-21 07:15:11.730999808,2.3
2017-08-21 07:16:16.456999936,2.3
2017-08-21 07:17:20.694999552,2.3
2017-08-21 07:17:54.608000000,2.3
2017-08-21 07:18:59.673999872,2.4
2017-08-21 07:20:03.981000192,2.4
2017-08-21 07:21:08.407000064,2.4
2017-08-21 07:22:12.645000192,2.4
2017-08-21 07:23:17.176999936,2.4
2017-08-21 07:24:21.790000128,2.4
2017-08-21 07:24:55.437000192,2.4
2017-08-21 07:25:59.939000320,2.3
2017-08-21 07:27:04.465999872,2.3
2017-08-21 07:28:08.836999680,2.4
2017-08-21 07:29:16.484000256,2.4
2017-08-21 07:30:21.176000000,2.3
2017-08-21 07:30:54.593999872,2.3
2017-08-21 07:31:58.866000384,2.3
2017-08-21 07:33:03.382000128,2.4
2017-08-21 07:34:07.697999872,2.3
2017-08-21 07:35:12.145999872,2.4
2017-08-21 07:36:16.413000192,2.4
2017-08-21 07:37:20.871000064,2.5
2017-08-21 07:37:54.592000000,2.5
2017-08-21 07:38:58.831000576,2.4
2017-08-21 07:40:03.907999744,2.3
2017-08-21 07:41:08.664999936,2.4
2017-08-21 07:42:13.351000064,2.3
2017-08-21 07:43:17.698999808,2.5
2017-08-21 07:44:22.345000448,2.3
2017-08-21 07:44:55.621999616,2.3
2017-08-21 07:46:00.399000064,2.4
2017-08-21 07:47:04.642000384,2.4
2017-08-21 07:48:09.088999936,2.3
2017-08-21 07:49:13.326000128,2.4
2017-08-21 07:50:19.092000256,2.3
2017-08-21 07:50:54.578999808,2.3
2017-08-21 07:51:56.211999744,2.3
2017-08-21 07:53:00.701000192,2.4
2017-08-21 07:54:05.376000000,2.4
2017-08-21 07:55:10.383000064,2.3
2017-08-21 07:56:14.609999872,2.3
2017-08-21 07:57:19.668000256,2.4
2017-08-21 07:57:54.575000064,2.4
2017-08-21 07:58:55.296999936,2.4
2017-08-21 07:59:59.543000064,2.3
2017-08-21 08:01:04.218999808,2.3
2017-08-21 08:02:08.848999936,2.4
2017-08-21 08:03:13.074999808,2.3
2017-08-21 08:04:18.062999552,2.4
2017-08-21 08:05:22.510000128,2.2
2017-08-21 08:05:54.842999808,2.3
2017-08-21 08:07:00.007000064,2.3
2017-08-21 08:08:04.355999744,2.2
2017-08-21 08:09:08.670000128,2.3
2017-08-21 08:10:15.288999936,2.4
2017-08-21 08:11:17.527000064,2.4
2017-08-21 08:12:21.840999936,2.3
2017-08-21 08:12:54.569999872,2.2
2017-08-21 08:13:59.234999808,2.3
2017-08-21 08:15:04.524000256,2.5
2017-08-21 08:16:08.759000064,2.4
2017-08-21 08:17:13.354999808,2.5
2017-08-21 08:18:17.873999872,2.5
2017-08-21 08:19:22.484000256,2.6
2017-08-21 08:19:54.602000384,2.7
2017-08-21 08:20:59.128999936,2.6
2017-08-21 08:22:03.368000000,2.7
2017-08-21 08:23:07.652999680,2.7
2017-08-21 08:24:11.980000256,2.7
2017-08-21 08:25:16.387000320,2.7
2017-08-21 08:26:20.720999936,2.6
2017-08-21 08:26:54.555999744,2.6
2017-08-21 08:27:58.796999680,2.6
2017-08-21 08:29:03.279999488,2.6
2017-08-21 08:30:07.642000384,2.5
2017-08-21 08:31:12.685000192,2.5
2017-08-21 08:32:18.250999808,2.6
2017-08-21 08:33:22.568000000,2.6
2017-08-21 08:33:56.400999936,2.6
2017-08-21 08:35:00.639000064,2.6
2017-08-21 08:36:05.064999936,2.6
2017-08-21 08:37:09.863000064,2.6
2017-08-21 08:38:14.538999808,2.5
2017-08-21 08:39:18.776999936,2.6
2017-08-21 08:40:23.053000192,2.7
2017-08-21 08:40:55.276000256,2.7
2017-08-21 08:42:00.260000256,2.7
2017-08-21 08:43:04.555999744,2.6
2017-08-21 08:44:09.557000192,2.6
2017-08-21 08:45:14.614000128,2.6
2017-08-21 08:46:18.901000192,2.6
2017-08-21 08:47:23.517000192,2.7
2017-08-21 08:47:55.631000064,2.6
2017-08-21 08:48:59.908999680,2.6
2017-08-21 08:50:04.133999616,2.5
2017-08-21 08:51:08.520999936,2.5
2017-08-21 08:52:13.595000320,2.4
2017-08-21 08:53:17.836999680,2.5
2017-08-21 08:54:22.203000320,2.6
2017-08-21 08:54:55.706000384,2.7
2017-08-21 08:56:01.013000192,2.5
2017-08-21 08:57:05.378999808,2.6
2017-08-21 08:58:09.706999808,2.7
2017-08-21 08:59:13.934000128,2.7
2017-08-21 09:00:18.451000320,2.7
2017-08-21 09:01:22.687999488,2.7
2017-08-21 09:01:54.800999936,2.7
2017-08-21 09:02:59.546999808,2.7
2017-08-21 09:04:03.838999552,2.7
2017-08-21 09:05:08.572000256,2.6
2017-08-21 09:06:13.437999616,2.6
2017-08-21 09:07:18.286000128,2.8
2017-08-21 09:08:22.528000000,2.8
2017-08-21 09:08:54.646000128,2.8
2017-08-21 09:09:58.883999744,2.8
2017-08-21 09:11:03.459000320,2.7
2017-08-21 09:12:07.746999808,2.8
2017-08-21 09:13:12.263000064,2.7
2017-08-21 09:14:16.499999744,2.8
2017-08-21 09:15:20.996999680,2.8
2017-08-21 09:15:54.519000064,2.8
2017-08-21 09:16:58.758000128,3.0
2017-08-21 09:18:03.243999744,3.0
2017-08-21 09:19:07.671000064,3.0
2017-08-21 09:20:12.116000256,3.0
2017-08-21 09:21:16.384000000,3.0
2017-08-21 09:22:20.621999616,3.0
2017-08-21 09:22:54.517000192,3.0
2017-08-21 09:23:58.743000064,3.0
2017-08-21 09:25:03.578999808,3.0
2017-08-21 09:26:08.576000000,3.0
2017-08-21 09:27:12.802999808,3.0
2017-08-21 09:28:17.448999936,2.9
2017-08-21 09:29:21.687000064,2.9
2017-08-21 09:29:54.513999872,2.9
2017-08-21 09:30:59.296000000,3.0
2017-08-21 09:32:03.814000128,2.9
2017-08-21 09:33:08.468999680,3.0
2017-08-21 09:34:11.739000320,2.8
2017-08-21 09:35:16.744999936,2.9
2017-08-21 09:36:20.991000064,2.9
2017-08-21 09:36:54.503999488,3.0
2017-08-21 09:37:56.331999744,3.0
2017-08-21 09:39:00.599000064,3.1
2017-08-21 09:40:04.836999680,3.0
2017-08-21 09:41:09.112000000,3.1
2017-08-21 09:42:13.440000000,3.1
2017-08-21 09:43:17.665999872,3.0
2017-08-21 09:44:22.864999936,3.1
2017-08-21 09:44:55.532000256,3.0
2017-08-21 09:45:59.776000000,2.9
2017-08-21 09:47:04.680999936,2.9
2017-08-21 09:48:08.960000000,2.9
2017-08-21 09:49:13.304000000,2.9
2017-08-21 09:50:18.270000128,2.8
2017-08-21 09:51:22.558000128,2.9
2017-08-21 09:51:54.673000448,3.0
2017-08-21 09:52:58.948999680,2.9
2017-08-21 09:54:03.446000128,2.9
2017-08-21 09:55:08.522000384,2.8
2017-08-21 09:56:12.840000000,2.7
2017-08-21 09:57:17.135999488,2.8
2017-08-21 09:58:22.062999552,2.7
2017-08-21 09:58:54.495000064,2.7
2017-08-21 09:59:59.512999936,2.5
2017-08-21 10:01:03.750000128,2.5
2017-08-21 10:02:08.167000064,2.4
2017-08-21 10:03:13.213999616,2.4
2017-08-21 10:04:17.631000064,2.4
2017-08-21 10:05:22.388000256,2.4
2017-08-21 10:05:54.500999680,2.5
2017-08-21 10:06:58.760000000,2.4
2017-08-21 10:08:02.994999808,2.5
2017-08-21 10:09:07.390999552,2.4
2017-08-21 10:10:12.309000192,2.3
2017-08-21 10:11:16.555999744,2.4
2017-08-21 10:12:20.885000192,2.3
2017-08-21 10:12:54.484999680,2.3
2017-08-21 10:13:58.734000128,2.4
2017-08-21 10:15:03.269000192,2.2
2017-08-21 10:16:07.661000192,2.2
2017-08-21 10:17:11.923999744,2.2
2017-08-21 10:18:16.719000064,2.3
2017-08-21 10:19:24.237000192,2.2
2017-08-21 10:19:56.351000064,2.3
2017-08-21 10:21:00.719000064,2.2
2017-08-21 10:22:05.203000320,2.3
2017-08-21 10:23:09.480999936,2.2
2017-08-21 10:24:13.784000000,2.2
2017-08-21 10:25:18.015000576,2.2
2017-08-21 10:26:22.541999616,2.2
2017-08-21 10:26:54.656000000,2.3
2017-08-21 10:27:59.192000000,2.3
2017-08-21 10:29:03.428999680,2.3
2017-08-21 10:30:08.687000064,2.3
2017-08-21 10:31:13.062999552,2.4
2017-08-21 10:32:17.712000000,2.5
2017-08-21 10:33:24.677000192,2.5
2017-08-21 10:33:56.960000000,2.5
2017-08-21 10:35:01.305999872,2.6
2017-08-21 10:36:07.092999680,2.6
2017-08-21 10:37:11.462000128,2.6
2017-08-21 10:38:16.397000192,2.6
2017-08-21 10:39:20.654999552,2.7
2017-08-21 10:39:54.467999744,2.7
2017-08-21 10:40:58.816000000,2.9
2017-08-21 10:42:03.951000064,3.0
2017-08-21 10:43:08.397999616,3.0
2017-08-21 10:44:12.657999872,3.0
2017-08-21 10:45:17.152000000,3.0
2017-08-21 10:46:21.859000320,2.9
2017-08-21 10:46:54.465999872,3.0
2017-08-21 10:47:58.769999872,2.9
2017-08-21 10:49:03.274000384,3.0
2017-08-21 10:50:07.512999936,2.9
2017-08-21 10:51:12.499000320,2.8
2017-08-21 10:52:17.005000192,2.9
2017-08-21 10:53:21.527000064,2.9
2017-08-21 10:53:54.463000064,2.8
2017-08-21 10:54:58.694999552,2.9
2017-08-21 10:56:03.449999872,2.9
2017-08-21 10:57:08.277000192,2.9
2017-08-21 10:58:12.732000256,2.9
2017-08-21 10:59:17.182000128,2.9
2017-08-21 11:00:21.679000064,2.9
2017-08-21 11:00:54.455000064,2.9
2017-08-21 11:01:58.701000192,2.9
2017-08-21 11:03:02.947999744,3.0
2017-08-21 11:04:07.382000128,2.9
2017-08-21 11:05:11.658999808,2.9
2017-08-21 11:06:15.996000256,2.9
2017-08-21 11:07:21.124000256,2.9
2017-08-21 11:07:54.441999872,2.9
2017-08-21 11:08:58.673000448,2.8
2017-08-21 11:10:02.909999616,2.9
2017-08-21 11:11:07.227999744,2.9
2017-08-21 11:12:11.675000320,2.9
2017-08-21 11:13:15.911999488,2.9
2017-08-21 11:14:20.187999744,2.9
2017-08-21 11:14:55.475999744,2.9
2017-08-21 11:15:55.749000192,2.9
2017-08-21 11:17:00.464999936,2.8
2017-08-21 11:18:04.977000448,2.8
2017-08-21 11:19:09.208999936,2.8
2017-08-21 11:20:13.505999872,2.8
2017-08-21 11:21:17.763999744,2.7
2017-08-21 11:22:23.701999616,2.8
2017-08-21 11:22:55.933000192,2.8
2017-08-21 11:24:00.329999872,2.8
2017-08-21 11:25:04.727999488,2.8
2017-08-21 11:26:09.024000000,2.8
2017-08-21 11:27:13.540999680,2.8
2017-08-21 11:28:17.798999552,2.8
2017-08-21 11:29:22.295000064,2.8
2017-08-21 11:29:54.536999936,2.9
2017-08-21 11:30:58.805999616,3.0
2017-08-21 11:32:03.270000128,2.9
2017-08-21 11:33:08.658999808,2.9
2017-08-21 11:34:12.897000448,3.0
2017-08-21 11:35:17.423000576,3.0
2017-08-21 11:36:21.690999808,2.9
2017-08-21 11:36:54.430000128,3.0
2017-08-21 11:37:58.670000128,3.0
2017-08-21 11:39:03.125000192,3.1
2017-08-21 11:40:07.784000000,3.0
2017-08-21 11:41:12.288999936,3.1
2017-08-21 11:42:16.517000192,3.1
2017-08-21 11:43:20.756000256,3.1
2017-08-21 11:43:54.425999872,3.1
2017-08-21 11:44:58.767999488,3.0
2017-08-21 11:46:03.010999808,3.1
2017-08-21 11:47:07.248000000,3.1
2017-08-21 11:48:11.484999680,3.1
2017-08-21 11:49:15.952999936,3.2
2017-08-21 11:50:20.610999808,3.2
2017-08-21 11:50:54.423000576,3.3
2017-08-21 11:51:58.949999616,3.2
2017-08-21 11:53:03.187000320,3.3
2017-08-21 11:54:07.573000192,3.2
2017-08-21 11:55:11.941000192,3.3
2017-08-21 11:56:16.357000192,3.2
2017-08-21 11:57:20.593999872,3.2
2017-08-21 11:57:54.418999808,3.3
2017-08-21 11:58:58.708000256,3.3
2017-08-21 12:00:03.311000064,3.3
2017-08-21 12:01:07.577999872,3.2
2017-08-21 12:02:12.464999936,3.2
2017-08-21 12:03:16.694000128,3.2
2017-08-21 12:04:20.949999616,3.2
2017-08-21 12:04:55.231000064,3.2
2017-08-21 12:05:59.588999680,3.2
2017-08-21 12:07:03.817999872,3.3
2017-08-21 12:08:08.223000064,3.3
2017-08-21 12:09:12.680000512,3.3
2017-08-21 12:10:18.606000128,3.4
2017-08-21 12:11:22.845999616,3.2
2017-08-21 12:11:55.616999936,3.3
2017-08-21 12:12:59.864000512,3.2
2017-08-21 12:14:04.192000000,3.3
2017-08-21 12:15:08.888999936,3.2
2017-08-21 12:16:13.593999872,3.2
2017-08-21 12:17:17.822000128,3.3
2017-08-21 12:18:22.120000000,3.1
2017-08-21 12:18:54.406000128,3.1
2017-08-21 12:20:00.257999872,3.1
2017-08-21 12:21:04.495000064,3.1
2017-08-21 12:22:08.732999680,3.0
2017-08-21 12:23:12.970999808,3.1
2017-08-21 12:24:17.255000064,3.1
2017-08-21 12:25:22.392999424,3.1
2017-08-21 12:25:55.727000064,3.1
2017-08-21 12:26:59.963999744,3.1
2017-08-21 12:28:04.289999872,3.0
2017-08-21 12:29:08.711000064,3.1
2017-08-21 12:30:13.304000000,3.0
2017-08-21 12:31:18.099999744,3.1
2017-08-21 12:32:22.487000064,3.0
2017-08-21 12:32:54.610999808,3.0
2017-08-21 12:33:59.248000000,3.0
2017-08-21 12:35:04.815000064,3.0
2017-08-21 12:36:09.051000320,3.0
2017-08-21 12:37:13.442999808,2.9
2017-08-21 12:38:18.525000192,3.0
2017-08-21 12:39:22.763999744,3.2
2017-08-21 12:39:54.881999872,3.2
2017-08-21 12:41:00.311000064,3.2
2017-08-21 12:42:04.857000448,3.2
2017-08-21 12:43:09.095999488,3.2
2017-08-21 12:44:13.512999936,3.2
2017-08-21 12:45:17.741000192,3.2
2017-08-21 12:46:21.977999872,3.3
2017-08-21 12:46:54.385000448,3.2
2017-08-21 12:47:58.657999872,3.2
2017-08-21 12:49:02.885000192,3.3
2017-08-21 12:50:07.461000192,3.2
2017-08-21 12:51:11.790000128,3.3
2017-08-21 12:52:16.515000320,3.2
2017-08-21 12:53:20.757000192,3.2
2017-08-21 12:53:54.383000064,3.2
2017-08-21 12:54:58.621999616,3.2
2017-08-21 12:56:02.849999872,3.2
2017-08-21 12:57:07.566000128,3.3
2017-08-21 12:58:13.463000064,3.2
2017-08-21 12:59:17.689999872,3.3
2017-08-21 13:00:21.928000000,3.3
2017-08-21 13:00:54.366000128,3.3
2017-08-21 13:01:58.832999936,3.2
2017-08-21 13:03:03.283999744,3.3
2017-08-21 13:04:07.600999936,3.2
2017-08-21 13:05:11.984999424,3.2
2017-08-21 13:06:16.315999744,3.2
2017-08-21 13:07:20.562000384,3.1
2017-08-21 13:07:54.362999808,3.2
2017-08-21 13:08:55.683000320,3.2
2017-08-21 13:10:00.368999936,3.2
2017-08-21 13:11:04.606000128,3.3
2017-08-21 13:12:09.213000192,3.3
2017-08-21 13:13:14.050000384,3.3
2017-08-21 13:14:18.286999552,3.4
2017-08-21 13:15:22.845000192,3.5
2017-08-21 13:15:55.147000320,3.6
2017-08-21 13:16:59.394999808,3.6
2017-08-21 13:18:03.742000128,3.8
2017-08-21 13:19:09.609000448,3.8
2017-08-21 13:20:13.904999936,3.9
2017-08-21 13:21:18.451000320,4.1
2017-08-21 13:22:24.848000000,4.1
2017-08-21 13:22:56.975000064,4.3
2017-08-21 13:24:01.637000192,4.4
2017-08-21 13:25:06.176000000,4.5
2017-08-21 13:26:10.413000192,4.9
2017-08-21 13:27:14.680999936,4.9
2017-08-21 13:28:18.916999680,5.0
2017-08-21 13:28:54.350000128,5.1
2017-08-21 13:29:58.626999808,5.6
2017-08-21 13:31:02.883999744,5.9
2017-08-21 13:32:07.400000000,6.2
2017-08-21 13:33:12.927000064,6.5
2017-08-21 13:34:17.253999616,6.9
2017-08-21 13:35:21.621000192,7.2
2017-08-21 13:35:54.347000320,7.6
2017-08-21 13:36:58.650999808,8.5
2017-08-21 13:38:03.067999744,8.7
2017-08-21 13:39:07.454000128,8.6
2017-08-21 13:40:12.382000128,9.1
2017-08-21 13:41:16.617999872,9.4
2017-08-21 13:42:21.224999936,10.1
2017-08-21 13:42:54.347000320,10.3
2017-08-21 13:43:56.609000448,11.3
2017-08-21 13:45:01.183000064,11.9
2017-08-21 13:46:05.449999872,12.8
2017-08-21 13:47:09.687999488,12.7
2017-08-21 13:48:13.923999744,12.2
2017-08-21 13:49:18.461000192,12.1
2017-08-21 13:50:23.800000000,11.7
2017-08-21 13:50:55.920999936,12.3
2017-08-21 13:52:00.498000384,12.9
2017-08-21 13:53:04.736000000,13.3
2017-08-21 13:54:11.220999680,14.3
2017-08-21 13:55:15.688999936,14.5
2017-08-21 13:56:19.926000128,16.4
2017-08-21 13:56:54.355999744,17.6
2017-08-21 13:57:54.606000128,17.2
2017-08-21 13:58:58.864000512,18.1
2017-08-21 14:00:03.248999936,20.2
2017-08-21 14:01:09.046000128,23.1
2017-08-21 14:02:13.755000320,29.0
2017-08-21 14:03:18.489999872,27.4
2017-08-21 14:04:24.045000192,27.2
2017-08-21 14:04:56.289999872,27.8
2017-08-21 14:06:00.663000064,26.0
2017-08-21 14:07:04.904999936,26.1
2017-08-21 14:08:09.493000192,28.1
2017-08-21 14:09:13.728999936,25.7
2017-08-21 14:10:18.244999680,26.1
2017-08-21 14:11:24.161999872,27.8
2017-08-21 14:11:56.295000064,30.0
2017-08-21 14:13:00.551000064,30.6
2017-08-21 14:14:04.852000256,31.3
2017-08-21 14:15:09.736999936,34.2
2017-08-21 14:16:14.404999680,36.1
2017-08-21 14:17:18.676000256,34.0
2017-08-21 14:18:23.366000128,32.1
2017-08-21 14:18:55.515999744,31.7
2017-08-21 14:19:59.748000256,32.8
2017-08-21 14:21:04.073999872,32.7
2017-08-21 14:22:08.560999936,33.3
2017-08-21 14:23:12.798999552,34.6
2017-08-21 14:24:17.482999808,35.5
2017-08-21 14:25:22.311000064,40.5
2017-08-21 14:25:54.434999808,41.5
2017-08-21 14:26:58.692999680,39.5
2017-08-21 14:28:03.096999936,40.0
2017-08-21 14:29:07.606000128,37.8
2017-08-21 14:30:12.343000064,38.9
2017-08-21 14:31:16.630000128,43.1
2017-08-21 14:32:21.056000000,46.6
2017-08-21 14:32:54.314999808,50.4
2017-08-21 14:33:59.033999872,47.3
2017-08-21 14:35:03.364000256,47.4
2017-08-21 14:36:09.350000128,50.4
2017-08-21 14:37:13.639000064,52.0
2017-08-21 14:38:18.224000000,48.6
2017-08-21 14:39:22.650999808,49.5
2017-08-21 14:39:54.776000000,56.0
2017-08-21 14:40:59.286999552,54.6
2017-08-21 14:42:03.670000128,46.8
2017-08-21 14:43:08.016000000,46.5
2017-08-21 14:44:13.651999744,50.0
2017-08-21 14:45:17.948999680,58.4
2017-08-21 14:45:54.303000064,58.9
2017-08-21 14:46:54.639000064,59.8
2017-08-21 14:47:58.979000320,65.5
2017-08-21 14:49:03.272999936,68.0
2017-08-21 14:50:08.196000256,71.1
2017-08-21 14:51:12.527000064,66.9
2017-08-21 14:52:16.784999936,69.7
2017-08-21 14:53:21.038000128,75.8
2017-08-21 14:53:54.296999936,87.0
2017-08-21 14:54:58.640999936,84.9
2017-08-21 14:56:03.537999872,74.6
2017-08-21 14:57:07.786000384,72.4
2017-08-21 14:58:12.041999872,73.1
2017-08-21 14:59:16.319000064,74.6
2017-08-21 15:00:20.593999872,85.4
2017-08-21 15:00:54.289999872,89.3
2017-08-21 15:01:58.585999872,91.8
2017-08-21 15:03:02.824000000,89.8
2017-08-21 15:04:07.609999872,82.4
2017-08-21 15:05:12.366000128,83.7
2017-08-21 15:06:19.048000512,83.8
2017-08-21 15:07:23.270000128,86.9
2017-08-21 15:07:55.383000064,84.5
2017-08-21 15:09:00.069999616,87.7
2017-08-21 15:10:04.576999424,83.0
2017-08-21 15:11:08.845000192,84.7
2017-08-21 15:12:13.562000384,92.4
2017-08-21 15:13:17.801999872,94.2
2017-08-21 15:14:22.272999936,98.8
2017-08-21 15:14:55.311000064,93.5
2017-08-21 15:15:59.697999872,90.9
2017-08-21 15:17:05.691999744,87.9
2017-08-21 15:18:10.720000512,86.5
2017-08-21 15:19:15.055000064,88.5
2017-08-21 15:20:19.682000384,90.7
2017-08-21 15:20:54.278000128,90.7
2017-08-21 15:21:54.503000064,89.9
2017-08-21 15:22:58.739999744,85.5
2017-08-21 15:24:03.404999680,87.7
2017-08-21 15:25:08.373000192,90.7
2017-08-21 15:26:12.640999936,98.7
2017-08-21 15:27:19.390000128,110.8
2017-08-21 15:27:54.275000320,142.1
2017-08-21 15:28:58.506999808,141.1
2017-08-21 15:30:02.776999936,145.5
2017-08-21 15:31:07.091000320,147.5
2017-08-21 15:32:11.728999936,160.4
2017-08-21 15:33:15.966000128,163.3
2017-08-21 15:34:20.611999744,154.1
2017-08-21 15:34:55.319000064,143.5
2017-08-21 15:35:55.541999616,137.0
2017-08-21 15:36:59.798000128,136.2
2017-08-21 15:38:04.907000320,130.2
2017-08-21 15:39:10.390999552,131.4
2017-08-21 15:40:14.630000128,136.9
2017-08-21 15:41:19.378000384,133.9
2017-08-21 15:41:54.260999680,127.5
2017-08-21 15:42:54.506999808,130.4
2017-08-21 15:43:58.786999808,135.6
2017-08-21 15:45:03.271000064,133.4
2017-08-21 15:46:07.668000256,151.7
2017-08-21 15:47:11.915999744,158.6
2017-08-21 15:48:17.581999616,167.9
2017-08-21 15:49:22.466999808,164.7
2017-08-21 15:49:54.597000192,163.8
2017-08-21 15:50:58.878999552,161.6
2017-08-21 15:52:03.355999744,172.4
2017-08-21 15:53:07.712000000,188.2
2017-08-21 15:54:12.390000128,209.6
2017-08-21 15:55:16.616999936,216.9
2017-08-21 15:56:20.854000128,170.9
2017-08-21 15:56:54.277000192,169.3
2017-08-21 15:57:58.524000256,166.0
2017-08-21 15:59:03.816999936,160.3
2017-08-21 16:00:08.496999936,166.2
2017-08-21 16:01:14.414000128,175.6
2017-08-21 16:02:18.828000256,168.4
2017-08-21 16:02:54.256999936,163.7
2017-08-21 16:03:54.633999872,157.0
2017-08-21 16:04:58.918999552,162.4
2017-08-21 16:06:03.369999872,193.8
2017-08-21 16:07:08.361999872,209.3
2017-08-21 16:08:12.659999744,181.0
2017-08-21 16:09:17.046000128,170.7
2017-08-21 16:10:21.652999680,159.6
2017-08-21 16:10:54.248999936,175.6
2017-08-21 16:11:58.534000128,185.9
2017-08-21 16:13:02.800999936,190.9
2017-08-21 16:14:07.128000512,222.0
2017-08-21 16:15:11.414000128,196.6
2017-08-21 16:16:15.772000256,154.6
2017-08-21 16:17:20.008000000,150.4
2017-08-21 16:17:54.237000192,169.3
2017-08-21 16:18:58.551000064,171.8
2017-08-21 16:20:04.635000320,166.1
2017-08-21 16:21:08.862000128,144.3
2017-08-21 16:22:14.477999616,141.2
2017-08-21 16:23:18.709000192,142.8
2017-08-21 16:24:23.041999872,151.7
2017-08-21 16:24:55.265000448,170.7
2017-08-21 16:25:59.829000192,178.2
2017-08-21 16:27:04.499000320,150.0
2017-08-21 16:28:08.727000064,133.7
2017-08-21 16:29:13.333000192,131.8
2017-08-21 16:30:18.819999744,134.3
2017-08-21 16:31:23.237000192,142.5
2017-08-21 16:31:55.350000128,135.1
2017-08-21 16:33:00.887000064,125.9
2017-08-21 16:34:06.624999936,123.8
2017-08-21 16:35:12.699999744,124.6
2017-08-21 16:36:16.947999744,119.5
2017-08-21 16:37:21.264000000,127.1
2017-08-21 16:37:54.220999680,146.0
2017-08-21 16:38:59.243999744,143.6
2017-08-21 16:40:03.956999680,152.1
2017-08-21 16:41:09.043999744,150.5
2017-08-21 16:42:13.584999936,125.7
2017-08-21 16:43:17.823000064,124.4
2017-08-21 16:43:54.220999680,129.6
2017-08-21 16:44:55.210999808,124.1
2017-08-21 16:45:59.468999680,113.5
2017-08-21 16:47:03.866000384,115.7
2017-08-21 16:48:08.573000192,109.3
2017-08-21 16:49:12.821000192,120.0
2017-08-21 16:50:17.197000192,128.3
2017-08-21 16:51:21.984000000,104.3
2017-08-21 16:51:54.496999936,107.1
2017-08-21 16:52:58.734999552,99.6
2017-08-21 16:54:03.298999808,95.8
2017-08-21 16:55:08.448000000,86.7
2017-08-21 16:56:12.717000192,81.7
2017-08-21 16:57:17.421000192,84.8
2017-08-21 16:58:21.698999808,71.0
2017-08-21 16:58:54.211999744,65.7
2017-08-21 16:59:58.479000064,62.2
2017-08-21 17:01:03.025999872,55.4
2017-08-21 17:02:07.369999872,50.7
2017-08-21 17:03:12.426999808,48.3
2017-08-21 17:04:16.666999808,44.1
2017-08-21 17:05:21.242999808,39.6
2017-08-21 17:05:54.196000256,34.2
2017-08-21 17:06:58.937999872,29.9
2017-08-21 17:08:03.539999744,26.7
2017-08-21 17:09:07.823000064,22.6
2017-08-21 17:10:12.191000064,19.2
2017-08-21 17:11:16.451000320,15.5
2017-08-21 17:12:20.720000512,11.8
2017-08-21 17:12:54.197000192,8.6
2017-08-21 17:13:58.467999744,5.8
2017-08-21 17:15:02.712000000,3.8
2017-08-21 17:16:06.953999872,2.9
2017-08-21 17:17:11.359000064,3.3
2017-08-21 17:18:15.625999872,5.0
2017-08-21 17:19:19.873999872,8.1
2017-08-21 17:19:54.196000256,11.1
2017-08-21 17:20:54.495000064,15.2
2017-08-21 17:22:00.340000256,20.2
2017-08-21 17:23:05.024999936,23.4
2017-08-21 17:24:09.493000192,29.1
2017-08-21 17:25:13.772999680,32.3
2017-08-21 17:26:17.998000128,38.8
2017-08-21 17:27:22.265000448,43.8
2017-08-21 17:27:54.380000256,48.6
2017-08-21 17:28:58.616000000,51.4
2017-08-21 17:30:02.892999680,55.4
2017-08-21 17:31:07.720000512,63.8
2017-08-21 17:32:12.276000256,69.8
2017-08-21 17:33:16.861000192,71.9
2017-08-21 17:34:21.520000000,75.4
2017-08-21 17:34:55.229000192,81.1
2017-08-21 17:35:59.808000000,87.6
2017-08-21 17:37:04.477000192,95.8
2017-08-21 17:38:08.715000320,103.6
2017-08-21 17:39:14.621000192,107.8
2017-08-21 17:40:18.869000192,112.7
2017-08-21 17:41:23.173999616,123.1
2017-08-21 17:41:55.378000384,126.3
2017-08-21 17:42:59.654999552,132.5
2017-08-21 17:44:03.882999808,139.1
2017-08-21 17:45:08.338999808,143.5
2017-08-21 17:46:13.156000256,140.7
2017-08-21 17:47:17.442999808,163.9
2017-08-21 17:48:21.680999936,167.3
2017-08-21 17:48:54.246999552,184.0
2017-08-21 17:49:59.920000000,174.0
2017-08-21 17:51:04.607000576,174.6
2017-08-21 17:52:08.899000320,173.9
2017-08-21 17:53:14.220000256,184.8
2017-08-21 17:54:18.447000064,187.7
2017-08-21 17:55:22.685999616,199.6
2017-08-21 17:55:54.798000128,191.1
2017-08-21 17:56:59.656000000,189.9
2017-08-21 17:58:03.881999872,209.1
2017-08-21 17:59:08.458000384,235.9
2017-08-21 18:00:12.765000192,261.8
2017-08-21 18:01:17.232000512,261.4
2017-08-21 18:02:21.489000448,277.5
2017-08-21 18:02:54.163000320,278.8
2017-08-21 18:03:56.579999744,283.1
2017-08-21 18:05:01.256999936,284.1
2017-08-21 18:06:05.494000128,296.3
2017-08-21 18:07:09.730999808,301.1
2017-08-21 18:08:14.248000000,306.7
2017-08-21 18:09:18.605000192,305.5
2017-08-21 18:10:22.832000000,322.6
2017-08-21 18:10:55.024999936,320.3
2017-08-21 18:11:59.862000128,323.0
2017-08-21 18:13:04.519000064,329.2
2017-08-21 18:14:10.404999680,337.8
2017-08-21 18:15:14.633999872,353.9
2017-08-21 18:16:19.208999936,358.8
2017-08-21 18:16:54.154000384,360.2
2017-08-21 18:17:54.720999936,370.5
2017-08-21 18:18:59.338000384,373.0
2017-08-21 18:20:03.574000128,367.8
2017-08-21 18:21:07.840999936,363.5
2017-08-21 18:22:13.198000128,379.0
2017-08-21 18:23:17.716000256,369.3
2017-08-21 18:24:22.536999936,392.8
2017-08-21 18:24:55.182000128,394.5
2017-08-21 18:25:59.611999744,414.9
2017-08-21 18:27:03.848999936,427.3
2017-08-21 18:28:08.536000000,441.4
2017-08-21 18:29:12.762999808,435.4
2017-08-21 18:30:17.319000064,381.7
2017-08-21 18:31:21.595999744,401.7
2017-08-21 18:31:54.147999744,410.0
2017-08-21 18:32:59.666999808,443.4
2017-08-21 18:34:06.102999552,427.3
2017-08-21 18:35:12.215000064,464.3
2017-08-21 18:36:16.588000256,464.3
2017-08-21 18:37:21.293000192,434.4
2017-08-21 18:37:54.466999808,437.9
2017-08-21 18:38:59.282999808,434.2
2017-08-21 18:40:03.784999936,446.3
2017-08-21 18:41:08.416999936,471.4
2017-08-21 18:42:12.685000192,425.0
2017-08-21 18:43:17.600999936,425.0
2017-08-21 18:44:21.859999744,418.0
2017-08-21 18:44:54.963000320,421.3
2017-08-21 18:45:59.608000000,419.4
2017-08-21 18:47:03.835999744,412.2
2017-08-21 18:48:08.072000000,421.5
2017-08-21 18:49:12.687999488,454.1
2017-08-21 18:50:16.916999680,429.8
2017-08-21 18:51:21.152999936,417.1
2017-08-21 18:51:54.131999744,422.2
2017-08-21 18:52:58.543000064,446.4
2017-08-21 18:54:02.772000256,458.8
2017-08-21 18:55:07.336999936,466.8
2017-08-21 18:56:12.322999808,451.0
2017-08-21 18:57:16.560999936,432.5
2017-08-21 18:58:20.960999936,419.9
2017-08-21 18:58:54.128999936,411.7
2017-08-21 18:59:58.388000256,409.9
2017-08-21 19:01:02.751000064,408.0
2017-08-21 19:02:07.341000192,408.5
2017-08-21 19:03:11.658999808,422.2
2017-08-21 19:04:15.887000064,425.7
2017-08-21 19:05:20.552000000,433.5
2017-08-21 19:05:54.121999872,433.5
2017-08-21 19:06:58.451999744,448.0
2017-08-21 19:08:02.859999744,472.2
2017-08-21 19:09:07.095999488,461.9
2017-08-21 19:10:11.383000064,475.3
2017-08-21 19:11:15.670000128,497.0
2017-08-21 19:12:19.907999744,470.7
2017-08-21 19:12:54.114000384,481.5
2017-08-21 19:13:54.708000256,461.5
2017-08-21 19:14:59.006000128,435.4
2017-08-21 19:16:03.392000000,432.9
2017-08-21 19:17:07.631000064,423.4
2017-08-21 19:18:11.868000256,446.1
2017-08-21 19:19:16.533000192,464.0
2017-08-21 19:20:21.258999808,502.0
2017-08-21 19:20:54.109999616,505.4
2017-08-21 19:21:58.560000000,500.3
2017-08-21 19:23:02.798000128,489.6
2017-08-21 19:24:07.054000128,486.9
2017-08-21 19:25:11.784000000,488.2
2017-08-21 19:26:16.017000448,464.3
2017-08-21 19:27:20.353999872,455.6
2017-08-21 19:27:54.107999744,437.7
2017-08-21 19:28:58.635000320,451.8
2017-08-21 19:30:02.926000128,457.8
2017-08-21 19:31:07.308000256,474.4
2017-08-21 19:32:11.545999872,442.5
2017-08-21 19:33:15.784000000,449.0
2017-08-21 19:34:20.499000320,428.3
2017-08-21 19:34:55.149000192,435.2
2017-08-21 19:35:55.460000256,462.4
2017-08-21 19:36:59.967000064,450.3
2017-08-21 19:38:04.593999872,492.4
2017-08-21 19:39:08.831000576,487.5
2017-08-21 19:40:13.986999808,471.3
2017-08-21 19:41:18.344000000,485.0
2017-08-21 19:42:22.857999872,472.0
2017-08-21 19:42:55.264000000,472.3
2017-08-21 19:43:59.501999616,491.6
2017-08-21 19:45:03.728999936,484.0
2017-08-21 19:46:07.966000128,489.2
2017-08-21 19:47:12.220000256,490.1
2017-08-21 19:48:16.750000128,493.9
2017-08-21 19:49:20.986999808,524.7
2017-08-21 19:49:54.095999488,533.8
2017-08-21 19:50:58.397000192,529.3
2017-08-21 19:52:02.664000000,531.1
2017-08-21 19:53:07.114000384,523.9
2017-08-21 19:54:12.048000512,524.5
2017-08-21 19:55:16.652999680,528.1
2017-08-21 19:56:20.892000256,539.1
2017-08-21 19:56:54.111000064,552.6
2017-08-21 19:57:58.421000192,549.6
2017-08-21 19:59:03.376999936,566.2
2017-08-21 20:00:07.614999552,571.4
2017-08-21 20:01:11.852999680,539.0
2017-08-21 20:02:16.559000064,517.4
2017-08-21 20:03:20.796000256,532.5
2017-08-21 20:03:54.080000000,524.9
2017-08-21 20:04:58.326000128,520.9
2017-08-21 20:06:02.652999680,527.1
2017-08-21 20:07:06.897000448,518.6
2017-08-21 20:08:11.392000000,555.9
2017-08-21 20:09:16.336000000,589.4
2017-08-21 20:10:20.571000320,597.1
2017-08-21 20:10:54.072999936,574.4
2017-08-21 20:11:58.341000192,568.0
2017-08-21 20:13:02.959000064,577.7
2017-08-21 20:14:07.434999808,541.9
2017-08-21 20:15:11.672000000,544.1
2017-08-21 20:16:15.932000256,544.5
2017-08-21 20:17:20.654999552,568.3
2017-08-21 20:17:54.072000000,579.1
2017-08-21 20:18:58.555999744,566.1
2017-08-21 20:20:02.824000000,554.3
2017-08-21 20:21:07.647000064,562.5
2017-08-21 20:22:11.916999680,567.0
2017-08-21 20:23:16.253000192,609.2
2017-08-21 20:24:20.741000192,579.2
2017-08-21 20:24:55.528000000,565.7
2017-08-21 20:25:55.772000256,600.2
2017-08-21 20:26:59.998000128,570.4
2017-08-21 20:28:04.434999808,584.2
2017-08-21 20:29:08.701999616,580.9
2017-08-21 20:30:13.288000000,560.2
2017-08-21 20:31:17.566000128,569.8
2017-08-21 20:32:21.793999872,604.1
2017-08-21 20:32:54.066999808,616.9
2017-08-21 20:33:56.866000384,636.2
2017-08-21 20:35:01.319999488,629.8
2017-08-21 20:36:06.237000192,643.2
2017-08-21 20:37:12.423000576,585.1
2017-08-21 20:38:16.661999616,613.1
2017-08-21 20:39:20.888999936,611.6
2017-08-21 20:39:54.054000128,616.8
2017-08-21 20:40:58.376999936,588.5
2017-08-21 20:42:02.907000320,595.3
2017-08-21 20:43:07.311000064,602.6
2017-08-21 20:44:11.548999680,613.3
2017-08-21 20:45:16.183000064,642.9
2017-08-21 20:46:20.842999808,582.1
2017-08-21 20:46:54.057999872,635.1
2017-08-21 20:47:58.623000064,580.6
2017-08-21 20:49:02.859999744,663.0
2017-08-21 20:50:07.176000000,646.3
2017-08-21 20:51:11.673999872,745.0
2017-08-21 20:52:15.932000256,738.3
2017-08-21 20:53:20.776999936,667.2
2017-08-21 20:53:54.051000320,710.0
2017-08-21 20:54:58.506999808,739.0
2017-08-21 20:56:02.744000000,740.6
2017-08-21 20:57:07.031000064,711.9
2017-08-21 20:58:11.657999872,693.7
2017-08-21 20:59:15.896000000,614.6
2017-08-21 21:00:20.611999744,617.8
2017-08-21 21:00:54.041999872,600.0
2017-08-21 21:01:58.472000000,635.3
2017-08-21 21:03:02.728999936,595.1
2017-08-21 21:04:07.354999808,616.8
2017-08-21 21:05:11.652999680,669.9
2017-08-21 21:06:15.949999616,665.0
2017-08-21 21:07:20.176999936,620.4
2017-08-21 21:07:54.029000192,692.6
2017-08-21 21:08:58.307000320,626.2
2017-08-21 21:10:02.616000000,642.1
2017-08-21 21:11:06.952999936,741.1
2017-08-21 21:12:11.466999808,649.8
2017-08-21 21:13:15.784999936,691.8
2017-08-21 21:14:20.052000256,647.6
2017-08-21 21:14:55.064000000,654.3
2017-08-21 21:15:55.373000192,709.5
2017-08-21 21:16:59.648999936,759.8
2017-08-21 21:18:04.585999872,661.3
2017-08-21 21:19:09.152999936,654.9
2017-08-21 21:20:13.408999936,653.8
2017-08-21 21:21:17.836999680,656.4
2017-08-21 21:22:22.093999616,696.1
2017-08-21 21:22:54.208000000,634.4
2017-08-21 21:23:58.553999872,640.2
2017-08-21 21:25:02.781000192,616.4
2017-08-21 21:26:07.635000320,643.4
2017-08-21 21:27:11.875999744,627.2
2017-08-21 21:28:16.102000128,613.1
2017-08-21 21:29:20.508999680,684.0
2017-08-21 21:29:54.027999744,638.8
2017-08-21 21:30:58.859999744,574.3
2017-08-21 21:32:03.085000192,589.1
2017-08-21 21:33:08.161999872,598.0
2017-08-21 21:34:12.479000064,597.9
2017-08-21 21:35:16.717000192,639.6
2017-08-21 21:36:21.194000384,611.3
2017-08-21 21:36:54.015000576,598.2
2017-08-21 21:37:58.463000064,628.7
2017-08-21 21:39:02.692999680,591.3
2017-08-21 21:40:07.017000448,607.8
2017-08-21 21:41:11.314000384,695.8
2017-08-21 21:42:15.610999808,613.0
2017-08-21 21:43:19.859000320,616.1
2017-08-21 21:43:54.012000256,604.9
2017-08-21 21:44:59.057999872,734.1
2017-08-21 21:46:03.495000064,601.8
2017-08-21 21:47:07.732000256,619.7
2017-08-21 21:48:11.981000192,541.9
2017-08-21 21:49:16.275000320,570.6
2017-08-21 21:50:20.753000448,617.5
2017-08-21 21:50:54.008999936,660.5
2017-08-21 21:51:58.574000128,605.0
2017-08-21 21:53:02.800000000,666.0
2017-08-21 21:54:07.147000320,582.0
2017-08-21 21:55:11.763999744,589.0
2017-08-21 21:56:16.000999936,577.2
2017-08-21 21:57:20.387000320,601.3
2017-08-21 21:57:54.006000128,548.6
2017-08-21 21:58:59.008000000,613.7
2017-08-21 22:00:03.584000000,617.4
2017-08-21 22:01:07.832000000,540.7
2017-08-21 22:02:12.548000256,574.4
2017-08-21 22:03:16.920999936,576.1
2017-08-21 22:04:21.241999872,540.1
2017-08-21 22:04:54.817999872,514.6
2017-08-21 22:05:59.069999616,533.3
2017-08-21 22:07:03.359999488,561.9
2017-08-21 22:08:08.355999744,515.8
2017-08-21 22:09:12.652999680,504.9
2017-08-21 22:10:16.921999872,532.0
2017-08-21 22:11:21.736999936,536.6
2017-08-21 22:11:53.992999936,509.1
2017-08-21 22:12:58.296999936,524.0
2017-08-21 22:14:02.925000192,531.8
2017-08-21 22:15:07.161000448,489.8
2017-08-21 22:16:11.388000256,501.7
2017-08-21 22:17:16.414000128,537.2
2017-08-21 22:18:20.672000000,491.9
2017-08-21 22:18:53.989999616,506.3
2017-08-21 22:19:59.008999936,494.6
2017-08-21 22:21:03.688999936,529.8
2017-08-21 22:22:07.927000064,547.2
2017-08-21 22:23:12.464000000,512.7
2017-08-21 22:24:16.769999872,502.2
2017-08-21 22:25:21.056999936,488.6
2017-08-21 22:25:53.985999872,481.9
2017-08-21 22:26:58.225999872,497.4
2017-08-21 22:28:02.562999808,477.3
2017-08-21 22:29:07.050000384,482.3
2017-08-21 22:30:11.277000192,508.7
2017-08-21 22:31:15.904999936,462.6
2017-08-21 22:32:20.351000064,482.0
2017-08-21 22:32:53.974000128,471.8
2017-08-21 22:33:58.250999808,479.8
2017-08-21 22:35:02.507999744,508.0
2017-08-21 22:36:07.373000192,510.4
2017-08-21 22:37:13.224999936,545.4
2017-08-21 22:38:17.668999680,603.0
2017-08-21 22:39:21.906000384,604.8
2017-08-21 22:39:54.069000192,565.0
2017-08-21 22:40:58.591000064,537.6
2017-08-21 22:42:03.142000128,553.9
2017-08-21 22:43:07.732000256,555.6
2017-08-21 22:44:11.958000128,543.5
2017-08-21 22:45:16.949999616,585.2
2017-08-21 22:46:21.539999744,598.9
2017-08-21 22:46:53.974000128,561.4
2017-08-21 22:47:58.631000064,588.4
2017-08-21 22:49:02.857999872,591.2
2017-08-21 22:50:07.961999872,612.4
2017-08-21 22:51:12.600999936,576.2
2017-08-21 22:52:16.848999936,579.1
2017-08-21 22:53:21.765000192,625.9
2017-08-21 22:53:53.960999936,683.1
2017-08-21 22:54:58.234999808,693.8
2017-08-21 22:56:02.592000000,698.1
2017-08-21 22:57:06.859999744,682.4
2017-08-21 22:58:11.404000256,681.4
2017-08-21 22:59:15.843999744,680.3
2017-08-21 23:00:20.510000128,675.9
2017-08-21 23:00:53.973000192,667.3
2017-08-21 23:01:58.690999808,664.6
2017-08-21 23:03:02.918000128,675.0
2017-08-21 23:04:07.599000064,664.1
2017-08-21 23:05:12.210999808,662.5
2017-08-21 23:06:16.668000256,673.5
2017-08-21 23:07:20.906000384,649.1
2017-08-21 23:07:53.949999616,645.9
2017-08-21 23:08:58.184999936,659.8
2017-08-21 23:10:02.472000000,653.8
2017-08-21 23:11:06.765000192,646.8
2017-08-21 23:12:11.126000128,650.3
2017-08-21 23:13:16.000999936,637.9
2017-08-21 23:14:20.739999744,647.0
2017-08-21 23:14:54.984000000,644.6
2017-08-21 23:15:59.260000256,638.2
2017-08-21 23:17:03.496000512,619.6
2017-08-21 23:18:07.784000000,630.1
2017-08-21 23:19:12.109000192,637.3
2017-08-21 23:20:16.527000064,623.7
2017-08-21 23:21:20.826000384,623.3
2017-08-21 23:21:53.940000256,602.2
2017-08-21 23:22:58.534000128,620.9
2017-08-21 23:24:02.763999744,613.1
2017-08-21 23:25:07.458000384,615.0
2017-08-21 23:26:11.687000064,615.9
2017-08-21 23:27:15.921999872,600.1
2017-08-21 23:28:20.439000064,593.1
2017-08-21 23:28:53.937999872,607.1
2017-08-21 23:29:58.499000320,591.9
2017-08-21 23:31:02.867000320,592.6
2017-08-21 23:32:07.482999808,601.5
2017-08-21 23:33:11.775000064,589.2
2017-08-21 23:34:16.336999936,586.3
2017-08-21 23:35:20.574000128,580.8
2017-08-21 23:35:53.935000064,565.9
2017-08-21 23:36:55.850999808,589.2
2017-08-21 23:38:00.504999936,573.2
2017-08-21 23:39:04.739999744,567.3
2017-08-21 23:40:09.685999616,566.6
2017-08-21 23:41:14.444000256,569.5
2017-08-21 23:42:18.680000512,553.0
2017-08-21 23:43:22.907000320,551.8
2017-08-21 23:43:55.349000192,553.9
2017-08-21 23:44:59.585999872,554.1
2017-08-21 23:46:03.902000128,550.6
2017-08-21 23:47:08.129999872,532.1
2017-08-21 23:48:12.466999808,535.8
2017-08-21 23:49:16.704000000,542.2
2017-08-21 23:50:20.932000256,548.8
2017-08-21 23:50:53.928000000,547.0
2017-08-21 23:51:58.480999936,539.2
2017-08-21 23:53:02.819999744,538.5
2017-08-21 23:54:07.404999680,526.0
2017-08-21 23:55:11.701999616,515.0
2017-08-21 23:56:15.944000000,518.6
2017-08-21 23:57:20.446000128,510.7
2017-08-21 23:57:53.915999744,521.4
2017-08-21 23:58:58.260999680,514.6
2017-08-22 00:00:02.713000448,510.3
2017-08-22 00:01:06.965000192,506.9
2017-08-22 00:02:11.286000128,509.6
2017-08-22 00:03:15.513999872,502.6
2017-08-22 00:04:19.852999680,495.1
2017-08-22 00:04:54.732000256,490.3
2017-08-22 00:05:55.871999488,490.4
2017-08-22 00:07:00.528000000,494.1
2017-08-22 00:08:04.800999936,479.3
2017-08-22 00:09:09.302000128,487.3
2017-08-22 00:10:13.639000064,493.7
2017-08-22 00:11:17.876999680,469.8
2017-08-22 00:12:22.612999680,477.5
2017-08-22 00:12:54.725999616,469.4
2017-08-22 00:13:58.972000256,460.6
2017-08-22 00:15:03.424000000,462.7
2017-08-22 00:16:07.709000192,460.6
2017-08-22 00:17:12.055000064,460.0
2017-08-22 00:18:16.591000064,441.9
2017-08-22 00:19:20.848999936,454.1
2017-08-22 00:19:53.903000064,444.5
2017-08-22 00:20:58.137999872,438.1
2017-08-22 00:22:02.555000320,441.7
2017-08-22 00:23:06.859000320,432.2
2017-08-22 00:24:11.508999680,436.9
2017-08-22 00:25:16.154999808,428.6
2017-08-22 00:26:20.604000256,433.3
2017-08-22 00:26:53.890000384,423.0
2017-08-22 00:27:58.302000128,422.0
2017-08-22 00:29:02.529000448,411.9
2017-08-22 00:30:06.767999488,415.8
2017-08-22 00:31:11.024000000,417.5
2017-08-22 00:32:17.909999616,404.8
2017-08-22 00:33:22.832999936,409.7
2017-08-22 00:33:55.720000512,398.8
2017-08-22 00:35:00.677000192,390.6
2017-08-22 00:36:06.930999808,419.4
2017-08-22 00:37:11.340000256,398.8
2017-08-22 00:38:15.567000064,397.2
2017-08-22 00:39:19.805000192,383.0
2017-08-22 00:39:53.887000064,390.0
2017-08-22 00:40:54.455000064,396.4
2017-08-22 00:41:58.701999616,384.0
2017-08-22 00:43:02.928999936,383.1
2017-08-22 00:44:07.286000128,374.5
2017-08-22 00:45:11.533000192,366.7
2017-08-22 00:46:15.862000128,379.7
2017-08-22 00:47:20.579999744,372.9
2017-08-22 00:47:53.881999872,361.0
2017-08-22 00:48:58.117000192,353.4
2017-08-22 00:50:02.564000256,359.1
2017-08-22 00:51:06.810999808,352.4
2017-08-22 00:52:11.517999616,347.2
2017-08-22 00:53:15.755000320,348.9
2017-08-22 00:54:20.435999744,336.3
2017-08-22 00:54:54.915999744,336.3
2017-08-22 00:55:59.170999808,334.2
2017-08-22 00:57:03.397999616,346.1
2017-08-22 00:58:07.648000000,329.2
2017-08-22 00:59:11.909999616,334.3
2017-08-22 01:00:16.551000064,326.9
2017-08-22 01:01:20.786999808,320.1
2017-08-22 01:01:53.863000064,323.6
2017-08-22 01:02:58.095999488,301.2
2017-08-22 01:04:02.322999808,305.1
2017-08-22 01:05:06.656999936,303.3
2017-08-22 01:06:10.960000000,302.0
2017-08-22 01:07:15.274000384,302.8
2017-08-22 01:08:19.923000320,305.9
2017-08-22 01:08:53.862000128,295.4
2017-08-22 01:09:58.449999872,299.2
2017-08-22 01:11:03.244999680,285.1
2017-08-22 01:12:07.605000192,290.0
2017-08-22 01:13:11.869000192,287.8
2017-08-22 01:14:16.559000064,282.0
2017-08-22 01:15:21.069999616,271.9
2017-08-22 01:15:53.864000512,285.5
2017-08-22 01:16:58.355999744,256.0
2017-08-22 01:18:02.592999936,263.4
2017-08-22 01:19:06.830000128,258.3
2017-08-22 01:20:11.315999744,267.3
2017-08-22 01:21:15.963999744,262.3
2017-08-22 01:22:20.460000256,268.7
2017-08-22 01:22:53.852000256,249.8
2017-08-22 01:23:58.838999552,242.3
2017-08-22 01:25:03.270000128,245.7
2017-08-22 01:26:07.524000256,244.4
2017-08-22 01:27:11.841999872,234.3
2017-08-22 01:28:16.173000192,248.4
2017-08-22 01:29:20.424999936,225.8
2017-08-22 01:29:53.848999936,241.1
2017-08-22 01:30:58.434999808,232.7
2017-08-22 01:32:02.673999872,234.2
2017-08-22 01:33:06.909999616,224.4
2017-08-22 01:34:11.284999680,221.8
2017-08-22 01:35:15.573000192,219.6
2017-08-22 01:36:18.240000000,199.6
2017-08-22 01:36:53.848000000,212.0
2017-08-22 01:37:58.069999616,201.5
2017-08-22 01:39:02.496999936,197.9
2017-08-22 01:40:06.734999552,174.0
2017-08-22 01:41:10.982000128,193.9
2017-08-22 01:42:15.367000064,196.6
2017-08-22 01:43:19.605000192,185.7
2017-08-22 01:43:53.845000192,161.7
2017-08-22 01:44:58.074999808,151.5
2017-08-22 01:46:02.451000320,137.9
2017-08-22 01:47:06.792000000,142.5
2017-08-22 01:48:11.504999936,124.7
2017-08-22 01:49:15.743000064,127.9
2017-08-22 01:50:20.298000384,120.9
2017-08-22 01:50:53.832000000,116.6
2017-08-22 01:51:58.080000000,106.9
2017-08-22 01:53:03.043999744,130.2
2017-08-22 01:54:07.463000064,158.1
2017-08-22 01:55:11.911000064,204.9
2017-08-22 01:56:16.706000384,141.8
2017-08-22 01:57:21.064999936,132.9
2017-08-22 01:57:53.828000256,158.3
2017-08-22 01:58:58.334000128,156.0
2017-08-22 02:00:02.812000256,143.6
2017-08-22 02:01:07.848999936,122.9
2017-08-22 02:02:12.076000256,156.9
2017-08-22 02:03:16.532000256,157.4
2017-08-22 02:04:20.779000320,160.5
2017-08-22 02:04:54.648000000,136.1
2017-08-22 02:05:59.618999808,124.8
2017-08-22 02:07:03.857000448,99.2
2017-08-22 02:08:08.463000064,104.0
2017-08-22 02:09:12.728999936,82.7
2017-08-22 02:10:16.967000064,76.4
2017-08-22 02:11:21.278000128,71.3
2017-08-22 02:11:53.824999936,68.1
2017-08-22 02:12:58.116000256,69.8
2017-08-22 02:14:02.350000128,65.1
2017-08-22 02:15:06.586999808,64.2
2017-08-22 02:16:10.816999936,65.1
2017-08-22 02:17:15.100999680,60.8
2017-08-22 02:18:19.576999424,59.4
2017-08-22 02:18:53.814000128,57.5
2017-08-22 02:19:58.069999616,52.9
2017-08-22 02:21:02.573000192,57.8
2017-08-22 02:22:06.824000000,53.5
2017-08-22 02:23:11.190000128,53.2
2017-08-22 02:24:15.616000000,50.9
2017-08-22 02:25:19.845000192,44.7
2017-08-22 02:25:53.812999680,43.2
2017-08-22 02:26:58.183000064,42.9
2017-08-22 02:28:02.440000000,41.3
2017-08-22 02:29:06.677000192,37.7
2017-08-22 02:30:10.914999808,37.5
2017-08-22 02:31:15.331999744,34.8
2017-08-22 02:32:19.628000256,33.5
2017-08-22 02:32:53.810999808,31.9
2017-08-22 02:33:55.577999872,31.7
2017-08-22 02:35:03.484000256,28.3
2017-08-22 02:36:08.246000128,27.2
2017-08-22 02:37:14.364999680,29.7
2017-08-22 02:38:18.605000192,30.6
2017-08-22 02:39:22.903000064,30.1
2017-08-22 02:39:55.718000128,27.4
2017-08-22 02:40:59.987999744,25.8
2017-08-22 02:42:04.258999808,23.5
2017-08-22 02:43:08.526000128,21.4
2017-08-22 02:44:12.753999872,20.4
2017-08-22 02:45:17.286000128,21.8
2017-08-22 02:46:21.909999616,21.3
2017-08-22 02:46:54.031000064,18.7
2017-08-22 02:47:58.718000128,18.8
2017-08-22 02:49:03.005000192,18.3
2017-08-22 02:50:07.610999808,17.7
2017-08-22 02:51:12.357999616,17.6
2017-08-22 02:52:16.845999616,16.7
2017-08-22 02:53:21.095999488,15.9
2017-08-22 02:53:53.795000320,14.1
2017-08-22 02:54:58.482000384,14.1
2017-08-22 02:56:02.719000064,14.4
2017-08-22 02:57:07.090000384,13.6
2017-08-22 02:58:11.373000192,11.6
2017-08-22 02:59:15.706999808,10.3
2017-08-22 03:00:19.937999872,9.5
2017-08-22 03:00:53.775000064,9.2
2017-08-22 03:01:58.008000000,9.5
2017-08-22 03:03:02.432999936,9.0
2017-08-22 03:04:06.720000512,9.1
2017-08-22 03:05:10.998000128,8.2
2017-08-22 03:06:15.295000064,7.7
2017-08-22 03:07:19.532000256,7.2
2017-08-22 03:07:53.772999680,6.8
2017-08-22 03:08:58.024999936,6.5
2017-08-22 03:10:02.357999616,6.3
2017-08-22 03:11:07.314999808,6.0
2017-08-22 03:12:12.169999872,5.9
2017-08-22 03:13:16.560000000,5.6
2017-08-22 03:14:20.786000384,5.4
2017-08-22 03:14:54.808000000,5.3
2017-08-22 03:15:59.076999680,5.0
2017-08-22 03:17:03.312999936,4.9
2017-08-22 03:18:07.619999744,4.7
2017-08-22 03:19:11.878000128,4.5
2017-08-22 03:20:16.524000256,4.4
2017-08-22 03:21:21.704000000,4.3
2017-08-22 03:21:53.824999936,4.1
2017-08-22 03:22:58.112000000,4.1
2017-08-22 03:24:02.568000000,4.0
2017-08-22 03:25:06.812000256,3.8
2017-08-22 03:26:11.041999872,3.7
2017-08-22 03:27:15.378000384,3.7
2017-08-22 03:28:19.676000256,3.6
2017-08-22 03:28:53.761999872,3.5
2017-08-22 03:29:57.987999744,3.4
2017-08-22 03:31:02.242999808,3.3
2017-08-22 03:32:06.842999808,3.2
2017-08-22 03:33:11.116000256,3.3
2017-08-22 03:34:15.373000192,3.3
2017-08-22 03:35:19.600999936,3.3
2017-08-22 03:35:53.760000000,3.2
2017-08-22 03:36:55.250999808,3.1
2017-08-22 03:37:59.648000000,3.1
2017-08-22 03:39:04.175000064,3.0
2017-08-22 03:40:08.520999936,3.0
2017-08-22 03:41:12.959000064,3.0
2017-08-22 03:42:17.393999872,2.8
2017-08-22 03:43:21.692999680,2.8
2017-08-22 03:43:53.807000064,2.8
2017-08-22 03:44:58.362999808,2.8
2017-08-22 03:46:02.590000128,2.8
2017-08-22 03:47:06.864000512,2.8
2017-08-22 03:48:11.444000256,2.8
2017-08-22 03:49:15.671000064,2.8
2017-08-22 03:50:19.951000064,2.7
2017-08-22 03:50:53.753999872,2.6
2017-08-22 03:51:58.586999808,2.4
2017-08-22 03:53:02.824999936,2.4
2017-08-22 03:54:07.360999936,2.4
2017-08-22 03:55:11.739999744,2.3
2017-08-22 03:56:15.967000064,2.2
2017-08-22 03:57:20.211999744,2.2
2017-08-22 03:57:53.742000128,2.2
2017-08-22 03:58:57.987999744,2.2
2017-08-22 04:00:02.538999808,2.3
2017-08-22 04:01:06.812999680,2.2
2017-08-22 04:02:11.211999744,2.2
2017-08-22 04:03:15.520000000,2.2
2017-08-22 04:04:19.888000000,2.2
2017-08-22 04:04:54.562999808,2.1
2017-08-22 04:05:58.798000128,2.2
2017-08-22 04:07:03.024999936,2.2
2017-08-22 04:08:07.470000128,2.3
2017-08-22 04:09:11.708000256,2.3
2017-08-22 04:10:15.935000064,2.3
2017-08-22 04:11:20.480000000,2.3
2017-08-22 04:11:53.736000000,2.2
2017-08-22 04:12:58.005000192,2.3
2017-08-22 04:14:02.309000192,2.2
2017-08-22 04:15:06.555000320,2.1
2017-08-22 04:16:10.835999744,2.1
2017-08-22 04:17:15.378999808,2.1
2017-08-22 04:18:19.616000000,2.2
2017-08-22 04:18:53.734999552,2.2
2017-08-22 04:19:57.977999872,2.2
2017-08-22 04:21:02.203000320,2.2
2017-08-22 04:22:06.900000256,2.4
2017-08-22 04:23:11.558000128,2.4
2017-08-22 04:24:15.847000064,2.4
2017-08-22 04:25:20.600999936,2.5
2017-08-22 04:25:53.722999808,2.5
2017-08-22 04:26:57.961999872,2.6
2017-08-22 04:28:02.517999616,2.7
2017-08-22 04:29:06.755000320,2.7
2017-08-22 04:30:11.022000128,2.8
2017-08-22 04:31:15.710000128,2.8
2017-08-22 04:32:19.946999808,2.7
2017-08-22 04:32:53.720999936,2.7
2017-08-22 04:33:58.383000064,2.7
2017-08-22 04:35:02.803999744,2.6
2017-08-22 04:36:09.104000000,2.5
2017-08-22 04:37:16.025999872,2.7
2017-08-22 04:38:22.933000192,2.7
2017-08-22 04:38:55.055000064,2.7
2017-08-22 04:39:59.501999616,2.9
2017-08-22 04:41:03.760000000,3.0
2017-08-22 04:42:08.224999936,2.9
2017-08-22 04:43:12.543000064,2.9
2017-08-22 04:44:16.836999680,2.9
2017-08-22 04:45:21.437000192,2.9
2017-08-22 04:45:53.706999808,2.9
2017-08-22 04:46:57.939000320,2.9
2017-08-22 04:48:02.192999936,2.9
2017-08-22 04:49:06.562000384,2.9
2017-08-22 04:50:10.829000192,3.0
2017-08-22 04:51:15.375000064,3.0
2017-08-22 04:52:19.611999744,3.0
2017-08-22 04:52:53.704999936,3.1
2017-08-22 04:53:54.493000192,3.0
2017-08-22 04:54:58.729999872,3.1
2017-08-22 04:56:02.959000064,3.1
2017-08-22 04:57:07.692999680,3.1
2017-08-22 04:58:11.942000128,3.2
2017-08-22 04:59:16.167000064,3.2
2017-08-22 05:00:20.640000512,3.2
2017-08-22 05:00:53.694999552,3.1
2017-08-22 05:01:57.936000000,3.1
2017-08-22 05:03:02.311000064,3.2
2017-08-22 05:04:06.588000256,3.3
2017-08-22 05:05:10.926000128,3.2
2017-08-22 05:06:15.251999744,3.2
2017-08-22 05:07:19.679000064,3.0
2017-08-22 05:07:53.694000128,3.1
2017-08-22 05:08:57.930000384,3.1
2017-08-22 05:10:02.646000128,3.2
2017-08-22 05:11:06.883999744,3.1
2017-08-22 05:12:11.460000256,3.1
2017-08-22 05:13:15.706999808,3.0
2017-08-22 05:14:19.977999872,3.0
2017-08-22 05:14:54.717000192,3.0
2017-08-22 05:15:54.956000256,3.0
2017-08-22 05:16:59.572000256,3.1
2017-08-22 05:18:03.900000256,3.1
2017-08-22 05:19:08.204999680,3.2
2017-08-22 05:20:12.482000384,3.1
2017-08-22 05:21:16.749000192,3.0
2017-08-22 05:22:21.326000128,3.1
2017-08-22 05:22:53.849999872,3.1
2017-08-22 05:23:58.496000512,3.0
2017-08-22 05:25:02.732999680,3.1
2017-08-22 05:26:07.349000192,3.1
2017-08-22 05:27:11.598000128,3.0
2017-08-22 05:28:15.925000192,3.1
2017-08-22 05:29:20.444999680,3.2
2017-08-22 05:29:53.683000320,3.2
2017-08-22 05:30:57.923000320,3.2
2017-08-22 05:32:02.668000256,3.2
2017-08-22 05:33:07.085000192,3.1
2017-08-22 05:34:11.465999872,3.1
2017-08-22 05:35:15.809999872,3.1
2017-08-22 05:36:18.187000320,3.1
2017-08-22 05:36:53.682000384,3.1
2017-08-22 05:37:57.985999872,3.0
2017-08-22 05:39:02.343000064,3.0
2017-08-22 05:40:06.579999744,3.0
2017-08-22 05:41:10.838000128,3.1
2017-08-22 05:42:15.213999616,3.1
2017-08-22 05:43:19.440000000,3.1
2017-08-22 05:43:53.668000256,3.1
2017-08-22 05:44:57.890999808,3.2
2017-08-22 05:46:02.567000064,3.2
2017-08-22 05:47:06.793999872,3.1
2017-08-22 05:48:11.041999872,3.1
2017-08-22 05:49:15.498000384,3.0
2017-08-22 05:50:19.724999680,3.0
2017-08-22 05:50:53.666999808,3.0
2017-08-22 05:51:58.504999936,2.8
2017-08-22 05:53:02.742000128,2.9
2017-08-22 05:54:07.003999744,2.9
2017-08-22 05:55:11.959000064,2.8
2017-08-22 05:56:16.192999936,2.9
2017-08-22 05:57:20.449999872,2.8
2017-08-22 05:57:53.664000000,2.9
2017-08-22 05:58:58.579999744,2.9
2017-08-22 06:00:02.832999936,2.9
2017-08-22 06:01:07.473999872,2.9
2017-08-22 06:02:11.711000064,2.9
2017-08-22 06:03:15.975000064,2.9
2017-08-22 06:04:20.432999936,2.9
2017-08-22 06:04:54.475999744,2.7
2017-08-22 06:05:58.704999936,2.7
2017-08-22 06:07:02.951999488,2.7
2017-08-22 06:08:07.243999744,2.6
2017-08-22 06:09:11.654999552,2.6
2017-08-22 06:10:15.894000128,2.6
2017-08-22 06:11:20.529000448,2.6
2017-08-22 06:11:53.649999872,2.4
2017-08-22 06:12:57.882999808,2.5
2017-08-22 06:14:02.517000192,2.5
2017-08-22 06:15:06.743000064,2.5
2017-08-22 06:16:10.982999552,2.6
2017-08-22 06:17:15.545999872,2.5
2017-08-22 06:18:19.874999808,2.5
2017-08-22 06:18:53.648000000,2.3
2017-08-22 06:19:58.352999936,2.2
2017-08-22 06:21:02.591000064,2.2
2017-08-22 06:22:06.928000000,2.2
2017-08-22 06:23:11.897999872,2.2
2017-08-22 06:24:16.132999680,2.1
2017-08-22 06:25:20.418999808,2.2
2017-08-22 06:25:53.645000192,2.1
2017-08-22 06:26:58.939000320,2.1
2017-08-22 06:28:03.354999808,2.1
2017-08-22 06:29:07.581999616,2.0
2017-08-22 06:30:11.871000064,2.1
2017-08-22 06:31:16.635999744,2.0
2017-08-22 06:32:20.982999552,2.2
2017-08-22 06:32:53.633999872,2.1
2017-08-22 06:33:58.402999808,2.2
2017-08-22 06:35:03.760000000,2.3
2017-08-22 06:36:08.367000064,2.1
2017-08-22 06:37:13.793999872,2.2
2017-08-22 06:38:18.697999872,2.1
2017-08-22 06:38:53.632999936,2.1
2017-08-22 06:39:57.921999872,2.2
2017-08-22 06:41:02.167000064,2.1
2017-08-22 06:42:06.420000256,2.2
2017-08-22 06:43:10.742000128,2.3
2017-08-22 06:44:15.656000000,2.3
2017-08-22 06:45:19.918999552,2.4
2017-08-22 06:45:53.633999872,2.3
2017-08-22 06:46:57.885999616,2.3
2017-08-22 06:48:02.112000000,2.2
2017-08-22 06:49:06.598000128,2.4
2017-08-22 06:50:10.826000384,2.3
2017-08-22 06:51:15.482999808,2.2
2017-08-22 06:52:19.729999872,2.3
2017-08-22 06:52:53.618999808,2.1
2017-08-22 06:53:57.861000192,2.3
2017-08-22 06:55:02.479000064,2.3
2017-08-22 06:56:06.762999808,2.4
2017-08-22 06:57:10.991000064,2.4
2017-08-22 06:58:15.237000192,2.3
2017-08-22 06:59:19.614000128,2.3
2017-08-22 06:59:53.616999936,2.4
2017-08-22 07:00:57.941000192,2.4
2017-08-22 07:02:02.176000000,2.4
2017-08-22 07:03:06.408000000,2.5
2017-08-22 07:04:10.645000192,2.5
2017-08-22 07:05:14.892999680,2.4
2017-08-22 07:06:19.569999872,2.4
2017-08-22 07:06:53.609999872,2.3
2017-08-22 07:07:57.840000000,2.4
2017-08-22 07:09:02.486000128,2.5
2017-08-22 07:10:07.328999936,2.5
2017-08-22 07:11:11.671000064,2.5
2017-08-22 07:12:15.907000320,2.5
2017-08-22 07:13:20.543000064,2.6
2017-08-22 07:13:53.611999744,2.5
2017-08-22 07:14:57.896000000,2.6
2017-08-22 07:16:02.263000064,2.6
2017-08-22 07:17:06.597000192,2.6
2017-08-22 07:18:10.824999936,2.6
2017-08-22 07:19:15.557000192,2.8
2017-08-22 07:20:19.798999552,2.9
2017-08-22 07:20:53.600000000,3.0
2017-08-22 07:21:57.840000000,2.9
2017-08-22 07:23:02.474999808,3.1
2017-08-22 07:24:07.453000192,3.0
2017-08-22 07:25:11.679000064,3.0
2017-08-22 07:26:16.272000512,2.9
2017-08-22 07:27:20.642999808,3.0
2017-08-22 07:27:53.599000064,2.9
2017-08-22 07:28:57.842999808,2.8
2017-08-22 07:30:02.460000256,2.9
2017-08-22 07:31:06.698999808,2.9
2017-08-22 07:32:10.925000192,3.0
2017-08-22 07:33:15.581000192,3.0
2017-08-22 07:34:19.828000256,3.1
2017-08-22 07:34:54.637000192,2.9
2017-08-22 07:35:59.040000000,2.9
2017-08-22 07:37:04.782000128,3.0
2017-08-22 07:38:09.161000448,2.8
2017-08-22 07:39:13.458000384,3.0
2017-08-22 07:40:17.694999552,3.1
2017-08-22 07:41:21.943000064,3.0
2017-08-22 07:41:54.107000320,2.9
2017-08-22 07:42:58.572000256,3.0
2017-08-22 07:44:02.888999936,3.1
2017-08-22 07:45:07.506999808,3.1
2017-08-22 07:46:11.762999808,3.1
2017-08-22 07:47:16.449999872,3.0
2017-08-22 07:48:21.496000512,3.0
2017-08-22 07:48:53.609999872,3.0
2017-08-22 07:49:57.838000128,2.9
2017-08-22 07:51:02.314000384,2.9
2017-08-22 07:52:06.783000064,2.9
2017-08-22 07:53:11.008999936,2.9
2017-08-22 07:54:15.265000448,2.8
2017-08-22 07:55:19.581999616,2.9
2017-08-22 07:55:54.041999872,2.8
2017-08-22 07:56:54.651999744,2.8
2017-08-22 07:57:58.890000384,2.8
2017-08-22 07:59:03.128000512,2.8
2017-08-22 08:00:07.683000320,2.9
2017-08-22 08:01:11.963000320,2.9
2017-08-22 08:02:16.559000064,2.8
2017-08-22 08:03:20.795000320,2.8
2017-08-22 08:03:53.569999872,2.7
2017-08-22 08:04:57.816000000,2.8
2017-08-22 08:06:02.470999552,2.8
2017-08-22 08:07:06.697999872,2.9
2017-08-22 08:08:11.364999680,2.9
2017-08-22 08:09:15.602000384,2.9
2017-08-22 08:10:19.849999872,2.9
2017-08-22 08:10:53.573000192,2.8
2017-08-22 08:11:57.830000128,2.9
2017-08-22 08:13:02.474999808,2.9
2017-08-22 08:14:06.710000128,2.8
2017-08-22 08:15:11.029999616,2.9
2017-08-22 08:16:15.312000512,2.8
2017-08-22 08:17:19.644000256,2.8
2017-08-22 08:17:53.560000000,2.8
2017-08-22 08:18:57.795000320,2.7
2017-08-22 08:20:02.072999936,2.8
2017-08-22 08:21:06.437999616,2.8
2017-08-22 08:22:10.734999552,2.7
2017-08-22 08:23:15.100999680,2.7
2017-08-22 08:24:19.517999616,2.8
2017-08-22 08:24:54.588999680,2.7
2017-08-22 08:25:54.829000192,2.6
2017-08-22 08:26:59.326000128,2.7
2017-08-22 08:28:03.552000000,2.6
2017-08-22 08:29:07.791000064,2.7
2017-08-22 08:30:12.466999808,2.7
2017-08-22 08:31:16.704000000,2.8
2017-08-22 08:32:21.209999872,2.7
2017-08-22 08:32:53.553999872,2.6
2017-08-22 08:33:59.430000128,2.6
2017-08-22 08:35:03.937999872,2.6
2017-08-22 08:36:09.323999744,2.6
2017-08-22 08:37:13.661000192,2.6
2017-08-22 08:38:17.897999872,2.7
2017-08-22 08:39:22.393999872,2.6
2017-08-22 08:39:54.507999744,2.5
2017-08-22 08:40:59.204999680,2.6
2017-08-22 08:42:03.462000128,2.5
2017-08-22 08:43:07.750000128,2.5
2017-08-22 08:44:12.510999552,2.6
2017-08-22 08:45:16.843999744,2.6
2017-08-22 08:46:21.149000192,2.7
2017-08-22 08:46:53.548999680,2.7
2017-08-22 08:47:58.040999936,2.8
2017-08-22 08:49:02.277000192,2.8
2017-08-22 08:50:06.584000000,2.8
2017-08-22 08:51:10.930999808,2.7
2017-08-22 08:52:15.177999872,2.7
2017-08-22 08:53:19.564000256,2.7
2017-08-22 08:53:53.536999936,2.8
2017-08-22 08:54:57.821000192,2.8
2017-08-22 08:56:02.072000000,2.9
2017-08-22 08:57:06.426999808,2.9
2017-08-22 08:58:10.656000000,2.9
2017-08-22 08:59:14.894000128,3.0
2017-08-22 09:00:19.759000064,2.9
2017-08-22 09:00:53.529000448,3.0
2017-08-22 09:01:57.760000000,3.0
2017-08-22 09:03:02.053000192,3.0
2017-08-22 09:04:06.304000000,3.0
2017-08-22 09:05:10.550000128,3.0
2017-08-22 09:06:15.486000128,2.9
2017-08-22 09:07:19.723999744,3.0
2017-08-22 09:07:53.526000128,3.0
2017-08-22 09:08:57.753999872,2.8
2017-08-22 09:10:02.069000192,2.9
2017-08-22 09:11:06.638000128,2.9
2017-08-22 09:12:10.864999936,2.9
2017-08-22 09:13:15.510999552,2.9
2017-08-22 09:14:19.878999552,2.8
2017-08-22 09:14:54.560999936,2.9
2017-08-22 09:15:54.791000064,3.0
2017-08-22 09:16:59.536000000,2.9
2017-08-22 09:18:03.772999680,2.9
2017-08-22 09:19:08.005000192,2.9
2017-08-22 09:20:12.878000128,2.9
2017-08-22 09:21:17.104000000,2.9
2017-08-22 09:22:21.482999808,2.9
2017-08-22 09:22:53.654999552,3.0
2017-08-22 09:23:58.491000320,3.0
2017-08-22 09:25:02.727999488,3.1
2017-08-22 09:26:06.956000256,3.0
2017-08-22 09:27:11.492000256,3.1
2017-08-22 09:28:15.890000384,3.0
2017-08-22 09:29:20.265000448,3.1
2017-08-22 09:29:53.510999552,3.1
2017-08-22 09:30:57.793999872,3.0
2017-08-22 09:32:02.201999872,3.1
2017-08-22 09:33:06.489999872,3.1
2017-08-22 09:34:10.798000128,3.1
2017-08-22 09:35:15.632999936,3.0
2017-08-22 09:36:20.050000384,3.0
2017-08-22 09:36:54.719000064,3.1
2017-08-22 09:37:58.989999616,3.1
2017-08-22 09:39:03.506999808,3.1
2017-08-22 09:40:08.314000384,3.1
2017-08-22 09:41:12.588000256,3.0
2017-08-22 09:42:17.510999552,3.0
2017-08-22 09:43:21.810999808,3.0
2017-08-22 09:43:53.928000000,3.0
2017-08-22 09:44:58.295000064,3.0
2017-08-22 09:46:02.532000256,3.0
2017-08-22 09:47:06.859000320,3.1
2017-08-22 09:48:11.265999872,3.2
2017-08-22 09:49:15.493000192,3.1
2017-08-22 09:50:19.729999872,3.1
2017-08-22 09:50:53.503999488,3.2
2017-08-22 09:51:57.739999744,3.2
2017-08-22 09:53:02.456000512,3.2
2017-08-22 09:54:06.684000256,3.3
2017-08-22 09:55:11.520999936,3.1
2017-08-22 09:56:15.809999872,3.1
2017-08-22 09:57:20.424000000,3.1
2017-08-22 09:57:53.499000320,3.2
2017-08-22 09:58:57.734999552,3.1
2017-08-22 10:00:02.085000192,3.2
2017-08-22 10:01:06.328999936,3.1
2017-08-22 10:02:10.605000192,3.2
2017-08-22 10:03:14.901000192,3.1
2017-08-22 10:04:19.138999808,3.1
2017-08-22 10:04:54.314999808,3.2
2017-08-22 10:05:54.550000128,3.2
2017-08-22 10:06:58.828000256,3.1
2017-08-22 10:08:03.144000000,3.3
2017-08-22 10:09:07.631000064,3.2
2017-08-22 10:10:11.878000128,3.2
2017-08-22 10:11:16.404000256,3.2
2017-08-22 10:12:20.961999872,3.2
2017-08-22 10:12:53.611999744,3.3
2017-08-22 10:13:57.875999744,3.2
2017-08-22 10:15:02.109000192,3.2
2017-08-22 10:16:06.872999936,3.3
2017-08-22 10:17:11.432999936,3.3
2017-08-22 10:18:15.676000256,3.3
2017-08-22 10:19:19.963000320,3.3
2017-08-22 10:19:53.484000256,3.3
2017-08-22 10:20:57.723999744,3.3
2017-08-22 10:22:02.173999616,3.3
2017-08-22 10:23:07.080000000,3.3
2017-08-22 10:24:11.758000128,3.2
2017-08-22 10:25:15.994999808,3.3
2017-08-22 10:26:20.360999936,3.2
2017-08-22 10:26:53.482999808,3.3
2017-08-22 10:27:57.841999872,3.3
2017-08-22 10:29:02.408000000,3.3
2017-08-22 10:30:06.645000192,3.3
2017-08-22 10:31:10.912999936,3.3
2017-08-22 10:32:15.378999808,3.3
2017-08-22 10:33:19.616999936,3.2
2017-08-22 10:33:53.480999936,3.2
2017-08-22 10:34:58.845999616,3.1
2017-08-22 10:36:04.552999936,3.2
2017-08-22 10:37:13.434999808,3.2
2017-08-22 10:38:18.204999680,3.1
2017-08-22 10:38:53.472000000,3.0
2017-08-22 10:39:54.099999744,3.1
2017-08-22 10:40:58.331999744,3.1
2017-08-22 10:42:02.559000064,3.1
2017-08-22 10:43:07.256000000,3.1
2017-08-22 10:44:11.494000128,3.1
2017-08-22 10:45:15.720999936,3.1
2017-08-22 10:46:20.557000192,3.2
2017-08-22 10:46:53.868000256,3.2
2017-08-22 10:47:58.177999872,3.2
2017-08-22 10:49:02.404000256,3.3
2017-08-22 10:50:06.640999936,3.2
2017-08-22 10:51:10.878999552,3.2
2017-08-22 10:52:15.463000064,3.2
2017-08-22 10:53:19.721999872,3.2
2017-08-22 10:53:53.779999744,3.2
2017-08-22 10:54:58.500999680,3.2
2017-08-22 10:56:02.763999744,3.2
2017-08-22 10:57:07.025999872,3.0
2017-08-22 10:58:11.442999808,3.0
2017-08-22 10:59:15.680000512,3.1
2017-08-22 11:00:20.435999744,3.0
2017-08-22 11:00:53.484000256,3.1
2017-08-22 11:01:57.727000064,3.1
2017-08-22 11:03:01.972000256,3.0
2017-08-22 11:04:06.340000256,3.0
2017-08-22 11:05:10.657999872,3.1
2017-08-22 11:06:14.895000064,3.0
2017-08-22 11:07:19.406000128,3.1
2017-08-22 11:07:53.451000320,3.1
2017-08-22 11:08:57.732000256,3.2
2017-08-22 11:10:02.008999936,3.3
2017-08-22 11:11:06.575000064,3.3
2017-08-22 11:12:10.912999936,3.3
2017-08-22 11:13:15.459000320,3.3
2017-08-22 11:14:19.696000000,3.3
2017-08-22 11:14:54.480000000,3.4
2017-08-22 11:15:54.812000256,3.3
2017-08-22 11:16:59.552999936,3.4
2017-08-22 11:18:03.857000448,3.4
2017-08-22 11:19:08.367000064,3.4
2017-08-22 11:20:12.614000128,3.3
2017-08-22 11:21:16.862000128,3.3
2017-08-22 11:22:21.467999744,3.4
2017-08-22 11:22:53.591000064,3.3
2017-08-22 11:23:57.859000320,3.3
2017-08-22 11:25:02.165000192,3.3
2017-08-22 11:26:06.604000256,3.2
2017-08-22 11:27:10.948999680,3.1
2017-08-22 11:28:15.336000000,3.1
2017-08-22 11:29:19.824000000,3.1
2017-08-22 11:29:53.440999936,3.1
2017-08-22 11:30:57.673999872,3.1
2017-08-22 11:32:02.329999872,3.1
2017-08-22 11:33:06.567000064,3.1
2017-08-22 11:34:11.171999744,3.1
2017-08-22 11:35:15.529999872,3.2
2017-08-22 11:36:21.927000064,3.2
2017-08-22 11:36:54.050000384,3.1
2017-08-22 11:37:58.348000256,3.2
2017-08-22 11:39:02.584999936,3.1
2017-08-22 11:40:06.878000128,3.2
2017-08-22 11:41:11.118000128,3.1
2017-08-22 11:42:15.424999936,3.2
2017-08-22 11:43:19.744000000,3.2
2017-08-22 11:43:53.426999808,3.3
2017-08-22 11:44:57.976000000,3.3
2017-08-22 11:46:02.218999808,3.2
2017-08-22 11:47:06.536000000,3.2
2017-08-22 11:48:10.800999936,3.2
2017-08-22 11:49:15.051000320,3.2
2017-08-22 11:50:19.515000320,3.2
2017-08-22 11:50:53.424999936,3.3
2017-08-22 11:51:58.048000512,3.2
2017-08-22 11:53:02.411999744,3.3
2017-08-22 11:54:06.720999936,3.2
2017-08-22 11:55:11.407000064,3.1
2017-08-22 11:56:15.644000256,3.2
2017-08-22 11:57:19.942000128,3.2
2017-08-22 11:57:53.422000128,3.2
2017-08-22 11:58:57.651999744,3.2
